h,Tao,Region,B_de_reglas,M_de_inf,U_de_acept,F_de_acept,x1,x2,x3,x4,x5,x6,x7,Fobj
0.5,0,1,B1,L,A,Li,0.612801031,4.999797956,1.116750691,0.546742621,0.477465722,0.731940372,1.913809542,1.277697478
0.5,0,1,B1,M,A,Li,0.511127645,4.994906027,0.971311544,0.472434266,0.443579721,0.578627101,2.838625893,1.27670893
0.5,0,1,B1,L,U,Li,0.497117418,4.999998218,0.955178247,0.462640587,0.432202969,0.551282675,2.482195687,1.276419038
0.5,0,1,B1,M,U,Li,0.363672085,4.964935135,0.74205116,0.338304192,0.434049066,0.405453664,2.090629201,1.275060789
0.5,0,1,B1,L,A,Cu,0.311377295,4.999875885,0.652234857,0.278734483,0.435616251,0.325495837,3.835776471,1.275521729
0.5,0,1,B1,M,A,Cu,0.519408188,4.999650162,0.983376057,0.466795536,0.356914415,0.405841161,4.828316988,1.276227101
0.5,0,1,B1,L,U,Cu,0.372686509,4.9995847,0.697555072,0.352380794,0.409799606,0.416990743,4.960005889,1.27542194
0.5,0,1,B1,M,U,Cu,0.259719706,4.976759018,0.499480663,0.23768293,0.394042193,0.26483044,4.342481649,1.272799916
0.5,0,1,B1,L,A,Ex,0.355772865,4.999999734,0.738989293,0.321668659,0.455063889,0.404118624,2.330053163,1.276205575
0.5,0,1,B1,M,A,Ex,0.369001768,4.996186136,0.765882234,0.329453833,0.458484251,0.408347862,1.80207462,1.276597188
0.5,0,1,B1,L,U,Ex,0.46538694,4.99999471,0.87042099,0.439586224,0.436989876,0.547508777,4.987787641,1.275930604
0.5,0,1,B1,M,U,Ex,0.361250996,4.998385089,0.727036644,0.342007266,0.384862737,0.364117382,2.231441166,1.274900097
0.5,0,1,B1,L,A,Lo,0.715970904,4.99109665,1.216492475,0.655786242,0.485526615,0.917658214,2.096789631,1.27899315
0.5,0,1,B1,M,A,Lo,0.63957543,4.99846467,1.13967173,0.580805344,0.504801039,0.825314201,1.783425031,1.278877841
0.5,0,1,B1,L,U,Lo,0.381585344,4.994633226,0.96492736,0.372576846,0.603027833,0.598828345,4.260914567,1.278463013
0.5,0,1,B1,M,U,Lo,0.570459072,4.971467919,1.235519681,0.555099085,0.560319465,0.857819123,3.811785089,1.279293584
0.5,0,1,B2,L,A,Li,0.260841978,0.722005538,4.999999999,4.999999999,1.214855154,1.186568314,0.512418815,1.539064874
0.5,0,1,B2,M,A,Li,0.441990259,1.090943592,5,5,1.036908789,1.978032655,0.939638961,1.539076953
0.5,0,1,B2,L,U,Li,0.382167232,0.943176529,5,5,1.384420077,2.110437563,0.454292241,1.540323076
0.5,0,1,B2,M,U,Li,0.95183325,0.307276871,0.276944117,4.999999968,3.187440354,1.666693399,3.777451685,1.52457626
0.5,0,1,B2,L,A,Cu,1.536559985,1.572582392,0.574397576,3.414088137,3.904270378,3.784557259,3.203224768,1.390779
0.5,0,1,B2,M,A,Cu,0.343581049,0.86303309,5,5,1.351697722,1.323149814,0.555881869,1.542529064
0.5,0,1,B2,L,U,Cu,0.276608029,0.688353901,5,5,2.975358913,0.504652996,0.264133989,1.542627289
0.5,0,1,B2,M,U,Cu,0.215425915,0.575752306,4.999999999,4.999999999,3.350309504,0.30865485,0.308214738,1.542620065
0.5,0,1,B2,L,A,Ex,0.163011715,0.458272071,5,5,1.183355508,0.769773631,0.33958705,1.537473998
0.5,0,1,B2,M,A,Ex,0.370602918,0.975895106,5,5,1.037216314,1.778891897,0.815007423,1.537515841
0.5,0,1,B2,L,U,Ex,0.399182938,1.002307556,5,5,0.846147414,4.022658624,0.92632413,1.538104155
0.5,0,1,B2,M,U,Ex,0.400446067,0.985320218,5,5,1.570830201,2.110341818,0.512277101,1.53824271
0.5,0,1,B2,L,A,Lo,0.489330208,1.341541265,5,5,1.038163094,2.566730806,1.102900771,1.531011241
0.5,0,1,B2,M,A,Lo,0.408559339,1.054143873,5,5,1.022449406,2.04698173,0.939501716,1.530646718
0.5,0,1,B2,L,U,Lo,0.399251037,0.975456702,5,5,0.900828151,3.824397228,0.900704985,1.534232042
0.5,0,1,B2,M,U,Lo,0.402417497,0.972263903,4.999999999,5,0.751102493,4.581528602,1.107134898,1.534322647
0.5,0,2,B1,L,A,Li,0.717219655,3.792207963,1.493189942,0.436427206,0.476310758,0.149647351,4.921145433,0.945008112
0.5,0,2,B1,M,A,Li,0.639800571,2.437269913,1.05477826,0.356816777,0.521803314,0.128496513,4.716951631,0.94324207
0.5,0,2,B1,L,U,Li,0.558863088,4.712125243,1.142038086,0.301466025,0.532063359,0.073014504,4.463870221,0.945419816
0.5,0,2,B1,M,U,Li,0.520979293,3.202052018,1.017278682,0.313308722,0.559223994,0.10300205,4.86527608,0.937792887
0.5,0,2,B1,L,A,Cu,1.479329957,0.670063361,0.468683323,0.912051462,0.537237272,0.770835923,4.95720388,0.947582829
0.5,0,2,B1,M,A,Cu,1.430076105,0.538633363,0.388951113,0.82815425,0.553653721,0.705421356,4.876299173,0.944863357
0.5,0,2,B1,L,U,Cu,0.93661817,0.491978644,0.354095692,0.609612243,0.476781803,0.423585253,4.733566652,0.95327892
0.5,0,2,B1,M,U,Cu,0.871835065,0.808926975,0.565058052,0.549269958,0.287613198,0.241921226,4.453410065,0.9526889
0.5,0,2,B1,L,A,Ex,1.30986326,0.548626606,0.378234237,0.698638712,0.517333703,0.44740774,4.991963304,0.949751215
0.5,0,2,B1,M,A,Ex,1.360916679,0.788102762,0.548026222,0.851642408,0.504161013,0.624960387,4.931254195,0.950414474
0.5,0,2,B1,L,U,Ex,1.915495889,1.9598519,1.340970626,1.200688928,0.175040273,0.282095096,4.922983017,0.952949319
0.5,0,2,B1,M,U,Ex,1.364029493,1.309844481,0.894075001,0.864149559,0.26286908,0.306613655,4.961743801,0.950927187
0.5,0,2,B1,L,A,Lo,0.999181997,4.865426427,1.324915643,0.600392121,0.567492274,0.205273199,4.940575536,0.932892773
0.5,0,2,B1,M,A,Lo,1.054697931,4.985559645,1.360287951,0.622063186,0.564058292,0.203905758,4.990898774,0.931929571
0.5,0,2,B1,L,U,Lo,0.693967134,4.93029934,0.895370306,0.390512347,0.660052542,0.068252445,4.852017787,0.925539527
0.5,0,2,B1,M,U,Lo,0.708748672,4.979679186,0.935070782,0.401211661,0.63458725,0.086013259,4.457324099,0.926110265
0.5,0,2,B2,L,A,Li,0.361041618,0.560606807,3.417830334,4.926761627,1.685244678,1.510470767,3.137264045,1.219373383
0.5,0,2,B2,M,A,Li,0.427668161,0.687904947,4.71049618,4.999998091,1.103025393,2.375274674,3.902101582,1.221034769
0.5,0,2,B2,L,U,Li,0.361982495,0.582064666,3.869927524,4.999489689,3.197529564,1.407716929,2.903073026,1.221920092
0.5,0,2,B2,M,U,Li,0.235492506,0.374925611,4.304981888,4.996006782,1.242923269,1.502481613,3.414944661,1.220228714
0.5,0,2,B2,L,A,Cu,0.367292172,0.561596126,3.76477345,4.739005038,2.255274625,1.416891828,3.825226321,1.220527556
0.5,0,2,B2,M,A,Cu,0.24608768,0.399033503,4.654015277,4.997205681,3.329376963,0.792632518,3.652451892,1.217342516
0.5,0,2,B2,L,U,Cu,0.305409555,0.484049985,4.780312049,4.927708393,3.931358748,0.832184071,4.058178697,1.219546406
0.5,0,2,B2,M,U,Cu,0.233163612,0.355285422,4.836845241,4.504385124,2.521909577,0.714800268,3.953966127,1.218973887
0.5,0,2,B2,L,A,Ex,0.268998452,0.418472518,4.984224526,4.999742177,1.991464228,1.046511041,2.616198015,1.218297728
0.5,0,2,B2,M,A,Ex,0.408585251,0.648005874,4.733878573,4.995565468,2.222954122,1.521619546,4.096023405,1.219888007
0.5,0,2,B2,L,U,Ex,0.376706147,0.547141351,4.997117949,4.999991694,2.364227673,2.40995967,0.326436708,1.220645288
0.5,0,2,B2,M,U,Ex,0.347441554,0.569154889,4.500454335,4.999942092,4.352368831,0.977801966,2.76472613,1.221951817
0.5,0,2,B2,L,A,Lo,0.755074704,0.969056661,4.984086012,4.999914423,1.044445048,4.580181014,1.798349583,1.211082805
0.5,0,2,B2,M,A,Lo,0.536005721,0.754944871,3.85612591,4.992734319,1.016422274,3.63895566,1.159748043,1.212679391
0.5,0,2,B2,L,U,Lo,0.453973501,0.592147522,4.669123642,4.999999918,1.648993317,4.50909541,0.739604178,1.216026853
0.5,0,2,B2,M,U,Lo,0.372131968,0.518432153,4.225163438,4.995128198,2.523624474,2.191953511,0.318333912,1.216585672
0.5,0,3,B1,L,A,Li,1.696086249,1.637366267,1.117361771,1.068692671,0.566594106,1.408750301,4.826784215,0.752573485
0.5,0,3,B1,M,A,Li,1.411560092,1.23925301,0.748673655,0.716293092,0.562647416,0.807669846,4.588981532,0.752043814
0.5,0,3,B1,L,U,Li,0.665579492,4.897485286,0.911582035,0.344839636,0.590297273,0.149483674,4.903295618,0.746133001
0.5,0,3,B1,M,U,Li,0.651330661,4.862444024,0.995985753,0.36986362,0.601000277,0.229297322,4.975487165,0.750460502
0.5,0,3,B1,L,A,Cu,1.39183644,0.804607098,0.576202076,0.755814237,0.542990839,0.997366557,4.993516008,0.748380483
0.5,0,3,B1,M,A,Cu,1.426972223,0.803519327,0.553280173,0.739336997,0.563417641,1.034024006,4.949754547,0.747946428
0.5,0,3,B1,L,U,Cu,0.846925742,0.863761064,0.608231296,0.516428242,0.450909799,0.504107331,4.199825576,0.75236925
0.5,0,3,B1,M,U,Cu,0.846484532,0.91765459,0.608652241,0.524351,0.492627968,0.603620722,4.551162114,0.754566607
0.5,0,3,B1,L,A,Ex,1.530267576,1.156069092,0.804879347,0.914727493,0.557695139,1.215476263,4.852965731,0.74995278
0.5,0,3,B1,M,A,Ex,1.473711355,1.11821207,0.768519139,0.820229269,0.566007302,1.100306067,4.782678381,0.750437358
0.5,0,3,B1,L,U,Ex,0.878097642,1.002974656,0.674831111,0.530621671,0.485571504,0.514147135,4.703620031,0.754422552
0.5,0,3,B1,M,U,Ex,0.869689652,0.835119341,0.498049913,0.473900214,0.482653621,0.458188226,4.6713893,0.755301744
0.5,0,3,B1,L,A,Lo,1.148726227,4.978237904,1.347674183,0.625324843,0.575760044,0.433505338,3.753461099,0.75618181
0.5,0,3,B1,M,A,Lo,0.784215909,4.340910927,0.994599797,0.462816319,0.556583992,0.307564144,2.624524875,0.755345148
0.5,0,3,B1,L,U,Lo,0.718362038,4.998494997,1.054324608,0.465747959,0.625853587,0.240752226,3.964410275,0.75640966
0.5,0,3,B1,M,U,Lo,0.729527753,4.999031115,1.042959197,0.460967346,0.618957304,0.263086643,3.660652685,0.757584082
0.5,0,3,B2,L,A,Li,1.615193672,0.542883816,4.999767057,4.596199558,0.719936651,0.064389242,4.739832207,1.138398356
0.5,0,3,B2,M,A,Li,1.6943625,0.570924113,4.999342407,4.999999997,0.818292437,0.024844442,4.790015636,1.139370332
0.5,0,3,B2,L,U,Li,1.283436008,0.539927864,2.286532213,4.999998777,2.083136294,0.041463088,4.443138066,1.310617216
0.5,0,3,B2,M,U,Li,1.370402583,0.558111857,0.869125069,4.999998858,2.327964691,0.02439117,4.540153649,1.308850659
0.5,0,3,B2,L,A,Cu,2.287364323,0.602414463,4.99957018,4.999999784,2.65661615,0.39963665,4.851544069,1.104846316
0.5,0,3,B2,M,A,Cu,1.614675341,0.349515836,4.994651109,4.999999975,1.85288885,0.22760839,4.101662012,1.105476414
0.5,0,3,B2,L,U,Cu,1.704333283,0.633216958,4.999999551,4.999999223,4.76134906,0.000209056,4.838196068,1.155882061
0.5,0,3,B2,M,U,Cu,1.618181198,0.601186386,4.999997225,4.999999946,4.587409756,0.000438962,4.53886081,1.15582733
0.5,0,3,B2,L,A,Ex,2.05695859,0.389037241,4.999964134,4.999999361,4.307243869,0.143204356,4.52445166,1.096458699
0.5,0,3,B2,M,A,Ex,1.428836688,0.212051118,4.999810841,5,1.981511103,0.105319438,4.780824411,1.096837706
0.5,0,3,B2,L,U,Ex,1.169172043,0.335258305,4.999809515,4.999985097,4.310136064,0.023254109,4.913071687,1.106955397
0.5,0,3,B2,M,U,Ex,1.149160327,0.32846343,4.998391013,4.999999819,4.347307109,0.02224653,4.712823747,1.106242389
0.5,0,3,B2,L,A,Lo,0.723449881,1.432475791,4.984925936,3.243217634,1.257452575,4.635149478,1.409236995,1.258626334
0.5,0,3,B2,M,A,Lo,0.251418685,0.535508764,4.983591185,4.999999934,1.717093105,1.453739613,0.443357255,1.263300205
0.5,0,3,B2,L,U,Lo,0.411731555,0.876687442,4.660271226,4.999998421,1.911382084,4.322603104,0.252314066,1.306243133
0.5,0,3,B2,M,U,Lo,0.435338433,0.838773509,4.991848223,4.999997598,1.857875737,4.265778187,0.38732018,1.308611191
0.5,0,4,B1,L,A,Li,1.899239053,1.640555008,1.237383961,1.042668721,0.439886965,0.177219621,4.671410968,0.605935548
0.5,0,4,B1,M,A,Li,1.802367731,1.492659419,1.114129805,1.040251404,0.493682618,0.605188559,4.466028032,0.601538936
0.5,0,4,B1,L,U,Li,1.400331689,1.674882876,1.260207668,0.885300869,0.50481699,0.351723334,4.981401138,0.607005404
0.5,0,4,B1,M,U,Li,1.29858341,1.603458669,1.179372354,0.775668935,0.491917919,0.09159585,4.496828651,0.604682884
0.5,0,4,B1,L,A,Cu,1.747528448,1.264786234,0.957200054,1.031595008,0.42990246,1.020575067,4.658898612,0.608264327
0.5,0,4,B1,M,A,Cu,1.867795719,1.51115712,1.158746975,1.096096045,0.406132348,0.95672718,4.967615662,0.605365862
0.5,0,4,B1,L,U,Cu,1.875413448,1.919634861,1.469040112,1.114851875,0.344877131,0.755918609,4.861698088,0.607877277
0.5,0,4,B1,M,U,Cu,1.464350572,1.42968513,1.068086046,0.894747197,0.438262443,0.911819721,4.929076271,0.605891856
0.5,0,4,B1,L,A,Ex,1.713789108,1.472931082,1.159837066,1.001325382,0.378581044,0.611927376,4.759108086,0.608248644
0.5,0,4,B1,M,A,Ex,1.774657368,1.366540286,1.045874123,1.00602571,0.425663664,0.743212365,4.973898744,0.604222983
0.5,0,4,B1,L,U,Ex,1.350579303,1.236648951,0.939259297,0.823654797,0.458643182,0.7006764,4.973823048,0.606600602
0.5,0,4,B1,M,U,Ex,1.354707877,1.389038231,1.043150138,0.8668513,0.451060237,0.768541489,4.737340849,0.605607567
0.5,0,4,B1,L,A,Lo,2.115131358,1.622716924,1.175499092,1.284858546,0.55539697,0.00792498,4.967086451,0.605630386
0.5,0,4,B1,M,A,Lo,1.981805387,1.804185696,1.305853118,1.240976941,0.539823541,0.032431638,4.608998423,0.602570786
0.5,0,4,B1,L,U,Lo,1.01715938,1.259658568,0.905309311,0.720382933,0.586319633,0.066172187,3.750104062,0.616779005
0.5,0,4,B1,M,U,Lo,1.030991966,1.220828928,0.882537512,0.707666822,0.619095768,0.020997326,4.289363187,0.615316814
0.5,0,4,B2,L,A,Li,1.241820068,0.53846538,4.999288798,3.417845299,0.736450451,0.303214147,3.244572007,0.868533735
0.5,0,4,B2,M,A,Li,1.602750866,0.709866373,5,5,0.833911703,0.416319789,3.983731737,0.870508719
0.5,0,4,B2,L,U,Li,1.563044519,0.842919456,4.999999982,4.99999997,2.976166096,0.008349367,3.548607386,0.891621198
0.5,0,4,B2,M,U,Li,1.378245667,0.745029923,4.999999997,4.999999994,2.948147625,0.01602497,2.79542563,0.891849784
0.5,0,4,B2,L,A,Cu,1.967872523,0.836754863,4.999993097,4.999859967,1.275503069,1.194498902,4.579313603,0.863678769
0.5,0,4,B2,M,A,Cu,1.294898658,0.515564229,4.999999995,4.999999999,1.289528053,0.659203036,3.101176768,0.863104147
0.5,0,4,B2,L,U,Cu,1.242994725,0.566325417,4.999991998,4.999953195,2.768148432,0.105178604,3.459291506,0.872096392
0.5,0,4,B2,M,U,Cu,1.137464975,0.534101856,4.999999997,4.999999993,1.967599345,0.221550277,3.946856595,0.872576967
0.5,0,4,B2,L,A,Ex,2.228772265,0.867919773,4.999999664,4.999993433,3.446651764,0.471065596,3.65035009,0.864390425
0.5,0,4,B2,M,A,Ex,0.938795963,0.386261521,5,4.999999999,2.683800296,0.257806663,1.668268254,0.864547532
0.5,0,4,B2,L,U,Ex,1.321888397,0.57627698,4.999999613,4.999999144,3.167265965,0.146968562,4.347393682,0.866742949
0.5,0,4,B2,M,U,Ex,1.350333655,0.625536749,5,4.999999999,3.196156482,0.210769639,4.01924777,0.868876721
0.5,0,4,B2,L,A,Lo,1.261272002,0.668506692,4.999993474,4.952640529,0.442266776,1.096604234,3.242785178,0.88615547
0.5,0,4,B2,M,A,Lo,1.524895047,0.753796908,4.999999998,5,0.486636351,0.128231012,4.015233257,0.878511085
0.5,0,4,B2,L,U,Lo,1.049466163,0.612723393,4.999999929,4.999999962,2.206961069,0.029199948,1.648438475,0.914221097
0.5,0,4,B2,M,U,Lo,1.356726434,0.795391406,4.999999999,4.999999999,1.935069628,0.008263669,3.158832865,0.915094807
0.5,0,5,B1,L,A,Li,2.358205424,0.139632409,0.7470731,4.458349145,0.311754097,2.751750323,1.766096627,0.436615994
0.5,0,5,B1,M,A,Li,2.851234368,1.36159598,1.369654265,3.361695782,0.361978788,0.023092192,4.036345811,0.469825575
0.5,0,5,B1,L,U,Li,3.522615578,1.674337178,1.658737557,4.442709447,0.290399081,0.028249572,3.465387409,0.470000829
0.5,0,5,B1,M,U,Li,2.303281901,0.011468662,1.936667674,2.941322836,0.456798043,1.5259901,3.792887092,0.336417719
0.5,0,5,B1,L,A,Cu,2.812509487,1.107854464,1.244082554,2.697543263,0.386105644,0.057404157,4.862599155,0.46667253
0.5,0,5,B1,M,A,Cu,1.956740834,0.574909566,1.221123026,3.509178722,0.180336524,3.20802336,0.414332936,0.446015
0.5,0,5,B1,L,U,Cu,3.379895039,1.383915258,1.540461095,3.147709908,0.326227679,0.027426141,4.5294563,0.465323156
0.5,0,5,B1,M,U,Cu,2.362846216,0.087669158,1.577417983,3.281553978,0.389263223,2.301195922,3.170417262,0.445724878
0.5,0,5,B1,L,A,Ex,1.824722817,0.21334236,2.015248305,3.440132903,0.185078774,3.522411474,0.951691155,0.430999256
0.5,0,5,B1,M,A,Ex,2.309906851,0.89393451,1.031513472,2.325888121,0.407055194,0.351364447,4.401319473,0.464839041
0.5,0,5,B1,L,U,Ex,2.149540414,0.449338498,1.069421729,4.019348461,0.158427311,4.095648596,0.891367664,0.427665693
0.5,0,5,B1,M,U,Ex,1.860080947,1.143845103,1.480385528,3.586628155,0.095819962,4.493529584,0.64271588,0.457312284
0.5,0,5,B1,L,A,Lo,2.623750654,1.199286824,1.185728409,3.468417434,0.418418021,7.28E-08,3.704962638,0.477045224
0.5,0,5,B1,M,A,Lo,3.306511124,0.140445215,2.00268469,4.706435775,0.341199257,0.376932076,3.937276217,0.437832131
0.5,0,5,B1,L,U,Lo,3.298375116,0.122086683,1.834270759,4.68821022,0.24399205,0.252019011,2.525009973,0.459455726
0.5,0,5,B1,M,U,Lo,2.903024835,0.107099207,1.633115319,3.915427682,0.326070314,0.00383585,3.066071928,0.442253655
0.5,0,5,B2,L,A,Li,3.962041878,0.640604844,0.231059986,4.101008653,3.737724588,3.749035664,2.607234091,0.560847492
0.5,0,5,B2,M,A,Li,4.594981433,0.53783966,0.229462763,3.986536876,4.1533806,2.803329129,2.87257458,0.561673332
0.5,0,5,B2,L,U,Li,1.881696759,0.457576884,4.999999868,4.981269739,2.26001974,0.096941755,4.446476803,0.580125832
0.5,0,5,B2,M,U,Li,2.812627624,0.295270428,0.142982624,4.401962856,4.526293812,0.68534879,4.812775137,0.564309301
0.5,0,5,B2,L,A,Cu,2.834391456,0.88015873,0.083656977,4.987591866,1.440767658,0.690396284,4.940005579,0.558337049
0.5,0,5,B2,M,A,Cu,3.447716613,0.308920788,0.226421624,4.524456341,2.758252852,3.66646413,2.570058364,0.566194342
0.5,0,5,B2,L,U,Cu,1.637628349,0.704925817,0.062878045,3.865023395,1.948830225,1.509596237,3.971336312,0.567112899
0.5,0,5,B2,M,U,Cu,2.385501434,0.385137929,0.136779312,4.668797566,4.019504404,2.960957615,3.867200164,0.552883157
0.5,0,5,B2,L,A,Ex,4.173608997,0.644887624,0.207441845,4.090575632,2.821144156,2.759200686,3.675416126,0.564207077
0.5,0,5,B2,M,A,Ex,2.999947228,0.333399853,0.190313654,4.895214724,2.177914152,2.632745122,3.262275023,0.55842868
0.5,0,5,B2,L,U,Ex,1.479821021,0.722000496,0.062402493,3.793727866,4.219530466,0.969759498,1.269063396,0.569809791
0.5,0,5,B2,M,U,Ex,2.769611107,0.344770919,0.168242598,4.990863322,4.255845462,3.199958999,4.645876252,0.555094624
0.5,0,5,B2,L,A,Lo,3.412682611,0.502870643,0.186816632,4.177125296,1.601436928,4.288055126,3.94129974,0.56009425
0.5,0,5,B2,M,A,Lo,4.519295084,0.529064886,0.236859717,4.24835907,4.321476209,0.75610172,3.141928902,0.562305853
0.5,0,5,B2,L,U,Lo,1.244360817,0.329075427,4.999999954,4.794615835,1.638639796,0.47749678,2.399486955,0.582810303
0.5,0,5,B2,M,U,Lo,1.561240913,0.407000595,4.999999863,4.805555233,1.646435223,0.142383312,3.795824334,0.582822511
0.5,0.5,1,B1,L,A,Li,0.258758863,3.563023594,4.427859181,1.156024855,0.560869936,0.781765863,0.753081476,1.808409156
0.5,0.5,1,B1,M,A,Li,1.693223013,1.766782467,0.966998348,1.226898501,0.566671474,0.530000862,4.9781615,1.811792981
0.5,0.5,1,B1,L,U,Li,0.352975182,4.028547489,4.689419732,1.439135205,0.596545297,1.128487859,1.201484373,1.80755686
0.5,0.5,1,B1,M,U,Li,0.143943374,4.869851282,2.587891955,0.070171713,0.697786727,0.01926425,2.894640773,1.751685281
0.5,0.5,1,B1,L,A,Cu,0.327771065,3.4240836,4.212391284,1.216432002,0.561809323,0.804983449,1.30755128,1.806397375
0.5,0.5,1,B1,M,A,Cu,1.412328243,0.600536459,0.305405493,0.928542924,0.560791447,0.27697461,4.962280899,1.802507835
0.5,0.5,1,B1,L,U,Cu,0.560384078,4.94540024,0.476070677,0.536770686,0.80434466,3.188977349,4.812198977,1.798648193
0.5,0.5,1,B1,M,U,Cu,0.461113058,3.964054558,3.172006992,0.462992541,0.817919965,3.377776752,1.836966909,1.779632005
0.5,0.5,1,B1,L,A,Ex,0.386439132,3.848022213,4.581602533,1.413178202,0.559423866,0.890580093,1.727417027,1.808841481
0.5,0.5,1,B1,M,A,Ex,0.924653232,0.805532518,0.40223419,0.66780284,0.568000969,0.3111327,3.62162176,1.809060112
0.5,0.5,1,B1,L,U,Ex,0.59235106,2.030392414,4.438341906,0.49000947,0.822738414,2.371429661,4.303744842,1.777008587
0.5,0.5,1,B1,M,U,Ex,0.565866578,0.656404543,0.305608613,0.470643567,0.720866575,0.578133666,3.815980255,1.798943978
0.5,0.5,1,B1,L,A,Lo,0.291556464,3.849775454,4.201479921,1.317081087,0.560391736,0.899078978,0.791074202,1.80704844
0.5,0.5,1,B1,M,A,Lo,1.776616615,2.654580749,1.39629956,1.19408671,0.566672741,0.368608374,4.786659833,1.815244697
0.5,0.5,1,B1,L,U,Lo,0.430860196,4.939874077,1.376514374,0.18091698,0.7415641,0.004896871,4.554539769,1.738147345
0.5,0.5,1,B1,M,U,Lo,0.419736453,4.266889574,2.221763254,0.183888141,0.730610203,0.0073006,4.036540495,1.74496706
0.5,0.5,1,B2,L,A,Li,1.233196627,0.114027435,2.08453594,4.648730791,2.788665354,0.471662681,4.452915703,1.738544709
0.5,0.5,1,B2,M,A,Li,1.220801902,0.109109283,3.968701116,4.99999996,4.006318971,0.344157329,4.935590559,1.734193668
0.5,0.5,1,B2,L,U,Li,0.837187314,0.081145057,1.216578302,1.700314396,3.391063002,0.075378987,2.710597462,1.73359861
0.5,0.5,1,B2,M,U,Li,1.230972249,0.11906326,4.950287902,4.999993931,4.381130534,0.120599513,4.742605342,1.732096013
0.5,0.5,1,B2,L,A,Cu,1.692266495,1.128532173,0.828813651,4.836451501,3.064305898,4.130012588,4.970698653,1.727121284
0.5,0.5,1,B2,M,A,Cu,1.01517579,0.110323636,0.64832111,4.999991129,3.370191094,0.505442957,4.975362791,1.756100035
0.5,0.5,1,B2,L,U,Cu,0.49408703,0.051672012,0.304876715,4.999986732,2.232642348,0.084695568,3.324811952,1.755417908
0.5,0.5,1,B2,M,U,Cu,0.45143937,0.040772218,0.526628672,4.999918853,4.428597538,0.022988701,4.40474249,1.746035641
0.5,0.5,1,B2,L,A,Ex,0.927990886,0.093328705,0.786270731,4.999998331,4.194289259,0.359140575,4.406847747,1.749950257
0.5,0.5,1,B2,M,A,Ex,0.651723116,0.062858611,0.731496126,4.999402208,3.875467907,0.250798164,4.045900396,1.749783283
0.5,0.5,1,B2,L,U,Ex,0.806040748,0.082646037,0.57767038,4.999998988,3.70956398,0.122208435,4.764705363,1.751941678
0.5,0.5,1,B2,M,U,Ex,0.940525006,0.100303184,0.652089593,4.980691332,3.061942788,0.221535583,4.21453616,1.752888523
0.5,0.5,1,B2,L,A,Lo,1.647194644,0.154950119,3.387130807,3.323315285,3.071044381,0.532350943,3.103851861,1.732430475
0.5,0.5,1,B2,M,A,Lo,2.82319609,0.271621206,4.188988105,3.556932545,4.830427386,0.697417028,4.709907589,1.731752819
0.5,0.5,1,B2,L,U,Lo,1.066396598,0.553565005,0.517931854,1.797138062,3.660700639,3.558662293,4.196077966,1.74515634
0.5,0.5,1,B2,M,U,Lo,1.426330786,0.179245499,2.392153928,4.736267695,4.010026467,0.195926514,4.83372701,1.766724097
0.5,0.5,2,B1,L,A,Li,1.62837791,3.090548441,0.441352253,0.28764968,0.565137062,0.055766368,4.91758076,1.415929207
0.5,0.5,2,B1,M,A,Li,1.658178935,2.957511852,0.4405271,0.294715217,0.565997389,0.058575334,4.969598636,1.416226823
0.5,0.5,2,B1,L,U,Li,0.750099205,4.90118042,1.261540373,0.2794114,0.638082149,0.032632137,4.953602525,1.428400695
0.5,0.5,2,B1,M,U,Li,0.745187332,4.915349034,0.692807048,0.252179531,0.642920396,0.026524374,4.982459191,1.427798531
0.5,0.5,2,B1,L,A,Cu,1.427332435,0.719878833,0.3064575,0.301951111,0.29057116,0.046559338,4.979586954,1.438532325
0.5,0.5,2,B1,M,A,Cu,1.508782275,0.87091668,0.368808215,0.340038511,0.267424293,0.048221785,4.999251911,1.438347131
0.5,0.5,2,B1,L,U,Cu,3.947894134,2.524554041,0.555883133,0.416487917,0.068789235,0.065785191,4.154239975,1.380140647
0.5,0.5,2,B1,M,U,Cu,3.738053045,2.149160512,0.460351861,0.344182909,0.091527555,0.064129758,4.610023776,1.387167575
0.5,0.5,2,B1,L,A,Ex,1.142533407,0.631621575,0.293931463,0.405786352,0.553469258,0.219350146,4.947513269,1.451872032
0.5,0.5,2,B1,M,A,Ex,1.180747963,0.670640297,0.305749496,0.434478468,0.515383504,0.208480511,4.971724691,1.450866649
0.5,0.5,2,B1,L,U,Ex,3.122270756,1.753441141,0.453099936,0.37414578,0.051930936,0.060170575,4.981962191,1.367030486
0.5,0.5,2,B1,M,U,Ex,2.575804106,1.338196449,0.350510631,0.287945408,0.066414572,0.057778303,4.926653902,1.370948989
0.5,0.5,2,B1,L,A,Lo,1.532271966,4.980755929,1.169821706,0.590302515,0.619176617,0.177341054,4.130637218,1.451918823
0.5,0.5,2,B1,M,A,Lo,1.523111694,4.952176736,1.147538176,0.589575545,0.621615356,0.182380075,4.103210544,1.451676924
0.5,0.5,2,B1,L,U,Lo,0.615175118,2.436288205,0.643985115,0.487753328,0.825514116,0.985649617,4.862058188,1.441694429
0.5,0.5,2,B1,M,U,Lo,0.584614623,2.128800448,1.121102753,0.444107453,0.826746786,0.641159908,4.820699743,1.438931394
0.5,0.5,2,B2,L,A,Li,2.052305963,0.124975377,3.695146839,4.630718997,3.752984869,0.018496883,3.424766325,1.654760059
0.5,0.5,2,B2,M,A,Li,1.67682788,1.003499677,1.056160773,4.999998945,1.002943188,1.34806992,4.762607019,1.672430037
0.5,0.5,2,B2,L,U,Li,0.831747593,1.684596259,0.567297543,4.999642725,2.844274646,1.667642152,3.00462043,1.697053996
0.5,0.5,2,B2,M,U,Li,0.607709656,1.174550558,0.435014823,4.999896406,1.418345536,1.573093968,4.674186917,1.695922122
0.5,0.5,2,B2,L,A,Cu,2.614654765,0.182406694,1.248140816,2.529666961,4.629163558,0.383080404,4.61100572,1.594331409
0.5,0.5,2,B2,M,A,Cu,2.90218089,0.227625156,2.976241029,3.071120106,4.872925175,0.410538073,4.99503996,1.586646248
0.5,0.5,2,B2,L,U,Cu,1.223679747,0.856222837,0.574591064,4.999999974,3.826155333,0.413878975,4.841188684,1.655637533
0.5,0.5,2,B2,M,U,Cu,1.241507418,0.864115246,0.601976525,4.999957698,4.056186127,0.399448334,4.687496551,1.655461366
0.5,0.5,2,B2,L,A,Ex,1.517267845,0.099052878,0.708448061,4.336432154,3.881150615,0.114276747,3.930687898,1.587674788
0.5,0.5,2,B2,M,A,Ex,1.672001708,0.147713346,1.255867662,4.999987913,3.270102134,0.226129855,4.109592686,1.593550441
0.5,0.5,2,B2,L,U,Ex,1.220744388,0.762496626,0.646923502,4.999999549,4.59684961,0.247452623,4.698114642,1.662363099
0.5,0.5,2,B2,M,U,Ex,1.223754311,0.767416523,0.668199628,4.999999549,4.58528813,0.251717931,4.84475161,1.662036102
0.5,0.5,2,B2,L,A,Lo,0.970037887,1.931922772,0.636591988,4.999909767,1.235330911,2.237991012,2.610310222,1.700140614
0.5,0.5,2,B2,M,A,Lo,1.160120725,2.313031327,0.828879317,4.999996859,2.485185397,1.879388953,2.302242614,1.701004444
0.5,0.5,2,B2,L,U,Lo,2.952402788,1.848631674,1.716562582,4.99997514,2.851124874,3.035323781,3.044738767,1.675521798
0.5,0.5,2,B2,M,U,Lo,0.774818714,1.534725404,0.553382478,4.999998027,1.432283593,2.668776596,4.254654516,1.69773549
0.5,0.5,3,B1,L,A,Li,1.679998081,0.565493388,0.245701331,0.422733847,0.76050343,6.56E-06,4.993143301,1.171673601
0.5,0.5,3,B1,M,A,Li,1.462525294,0.51378817,0.226254289,0.350579834,0.774767851,0.001169229,4.415170754,1.162208385
0.5,0.5,3,B1,L,U,Li,1.427760005,4.484053579,0.699422036,0.414607086,0.563248587,9.55E-09,4.950195351,1.279118842
0.5,0.5,3,B1,M,U,Li,1.355558539,4.953227548,0.662423059,0.383554255,0.566200866,3.25E-09,4.690350947,1.282958322
0.5,0.5,3,B1,L,A,Cu,1.587361178,1.082662616,0.244637226,0.191141711,0.375344575,0.000428394,4.926666604,1.158920376
0.5,0.5,3,B1,M,A,Cu,1.647767211,1.452076486,0.30579962,0.229371491,0.335460518,0.003100178,4.963856944,1.157490124
0.5,0.5,3,B1,L,U,Cu,2.846896593,2.363836891,0.537458839,0.379086243,0.188847731,0.019104511,4.92435298,1.153611386
0.5,0.5,3,B1,M,U,Cu,2.247875624,1.867116629,0.413590012,0.305246845,0.245960418,0.022940517,4.977149072,1.153834468
0.5,0.5,3,B1,L,A,Ex,0.98324561,0.553158486,0.303379809,0.252437915,0.050167821,0.002823445,4.999849776,1.190441304
0.5,0.5,3,B1,M,A,Ex,1.287830925,0.367440543,0.187629347,0.398230777,0.690510781,0.271772306,4.963927474,1.189057333
0.5,0.5,3,B1,L,U,Ex,4.836884798,4.474212427,0.877663586,0.606421842,0.051596735,0.068016498,4.556427781,1.143170651
0.5,0.5,3,B1,M,U,Ex,4.553553608,3.054079925,0.73876125,0.553057347,0.034389585,0.047995062,3.882565465,1.140875036
0.5,0.5,3,B1,L,A,Lo,1.86708304,0.848777145,0.317879185,0.588406751,0.868244319,0.000209658,4.974070505,1.145431342
0.5,0.5,3,B1,M,A,Lo,1.863748207,1.315740855,0.361075462,0.57348647,0.857153984,0.00010825,4.992318423,1.139658105
0.5,0.5,3,B1,L,U,Lo,0.71246291,3.434631693,1.035749213,0.450011343,0.743414613,0.230657872,4.919054202,1.32907427
0.5,0.5,3,B1,M,U,Lo,0.704989534,4.857307364,1.052950891,0.419281361,0.719806552,0.179544719,4.251592503,1.332918061
0.5,0.5,3,B2,L,A,Li,2.694110798,0.357124878,1.553604684,4.997925929,2.880996967,0.009867156,4.683725313,1.30402964
0.5,0.5,3,B2,M,A,Li,2.636523302,0.344009763,1.652784736,4.999252882,2.937438547,0.000953178,4.549112695,1.302689061
0.5,0.5,3,B2,L,U,Li,2.635619546,0.378982828,4.929675475,2.780441478,4.443316298,0.002225665,4.770191731,1.445148693
0.5,0.5,3,B2,M,U,Li,2.690665974,0.381890122,4.872894662,2.802629182,4.738847635,0.001335325,4.662419879,1.444258823
0.5,0.5,3,B2,L,A,Cu,2.259192189,0.081018591,0.960477865,2.1361937,2.998703342,0.114484558,4.854720726,1.268197174
0.5,0.5,3,B2,M,A,Cu,2.320939516,0.126785697,0.9525356,4.647210201,2.862465977,0.33696338,4.907122932,1.287090203
0.5,0.5,3,B2,L,U,Cu,1.617973841,0.21996706,0.958373771,4.984541735,4.896887927,0.001928829,4.780455085,1.301430201
0.5,0.5,3,B2,M,U,Cu,1.555411414,0.203882075,0.869299513,4.984750891,4.567649377,0.002743188,4.71253238,1.300841262
0.5,0.5,3,B2,L,A,Ex,1.784798684,0.037038387,1.203183933,4.476575103,2.09248947,0.298400332,4.78533775,1.264402945
0.5,0.5,3,B2,M,A,Ex,2.338241042,0.024590926,1.757610703,2.592394979,4.550990697,0.263169614,4.366002676,1.257498575
0.5,0.5,3,B2,L,U,Ex,1.309382716,0.106144343,0.896068207,4.867715295,4.604542642,0.046641395,4.946104456,1.305823762
0.5,0.5,3,B2,M,U,Ex,0.971042606,0.072935857,0.598283673,4.423351456,3.965403519,0.00838815,4.817430527,1.301496674
0.5,0.5,3,B2,L,A,Lo,1.832173366,0.399767758,3.742696215,2.091280614,0.654359561,0.100663669,4.025725477,1.436415776
0.5,0.5,3,B2,M,A,Lo,1.629497931,0.18293048,4.93685542,2.723697757,0.457282951,0.095199202,3.961953175,1.413074386
0.5,0.5,3,B2,L,U,Lo,2.799622724,0.81117427,4.999999536,2.392606346,4.093753589,0.000330298,3.802504814,1.589654568
0.5,0.5,3,B2,M,U,Lo,2.745000266,0.781483092,4.999994985,2.349573956,3.329171485,0.005448728,4.485590217,1.585712721
0.5,0.5,4,B1,L,A,Li,1.946014204,1.291798932,0.651241018,0.883124072,0.637911228,0.02130311,4.990366251,0.909892496
0.5,0.5,4,B1,M,A,Li,1.353321107,1.135047634,0.964380702,0.572002766,0.865648023,1.511289852,4.046163008,0.878189967
0.5,0.5,4,B1,L,U,Li,0.956173899,0.870681706,0.43779277,0.468266856,0.703660701,2.23E-07,4.928421345,0.921047729
0.5,0.5,4,B1,M,U,Li,0.936058624,0.781594131,0.391501793,0.455179723,0.715862,1.52E-07,4.837427202,0.921266197
0.5,0.5,4,B1,L,A,Cu,1.85217633,1.467125804,0.816058606,0.72694751,0.421815954,0.00126588,4.939789319,0.907119588
0.5,0.5,4,B1,M,A,Cu,1.379376392,0.588186057,0.348033549,0.425174625,0.844884176,1.032879105,4.785201041,0.904057679
0.5,0.5,4,B1,L,U,Cu,1.490148766,1.357090152,0.812334364,0.616482596,0.460329475,0.014195153,4.996320911,0.908006426
0.5,0.5,4,B1,M,U,Cu,1.327437097,1.143887782,0.655683426,0.555055258,0.503120123,0.038928635,4.920456345,0.904864421
0.5,0.5,4,B1,L,A,Ex,1.548146477,1.338102398,0.785354272,0.663677509,0.257386108,0.059872522,4.999958064,0.912263323
0.5,0.5,4,B1,M,A,Ex,1.447934005,0.799089043,0.434356611,0.550713862,0.580202619,0.28697627,4.86567682,0.908849355
0.5,0.5,4,B1,L,U,Ex,2.737205967,4.650916712,0.985194735,0.661006759,0.167923912,0.134742286,4.938654287,0.91410248
0.5,0.5,4,B1,M,U,Ex,1.296661298,1.084755407,0.678299196,0.572201948,0.431102611,0.136017974,4.997338472,0.913685517
0.5,0.5,4,B1,L,A,Lo,2.070106439,1.430469742,0.685365748,1.003706518,0.725574125,1.07E-07,4.999987688,0.921155861
0.5,0.5,4,B1,M,A,Lo,1.99523098,1.199220358,0.501458593,0.907289685,0.781368773,1.77E-06,4.998923949,0.91028535
0.5,0.5,4,B1,L,U,Lo,0.735413634,1.078142498,0.510270669,0.339437343,0.845618753,0.00062508,4.750075352,0.890742461
0.5,0.5,4,B1,M,U,Lo,0.734019791,0.753996032,1.946648136,0.347321939,0.843123958,0.003359943,4.746105243,0.854280649
0.5,0.5,4,B2,L,A,Li,3.062686687,0.038551052,1.461309909,4.998251481,4.105933123,0.567884337,3.323931601,0.995576765
0.5,0.5,4,B2,M,A,Li,0.903949297,0.033169305,0.275361321,4.998637485,0.881406029,0.502731473,2.009004894,1.032457726
0.5,0.5,4,B2,L,U,Li,2.373399414,0.104261492,1.053617018,4.986160723,4.157450161,0.914992235,4.339525886,1.035015174
0.5,0.5,4,B2,M,U,Li,1.345704026,0.064103435,0.873564866,3.920290225,1.236346966,1.448615686,4.420878478,1.030437897
0.5,0.5,4,B2,L,A,Cu,3.387782793,0.095709937,1.303597042,4.908080583,3.15078661,2.025653954,4.004937569,1.01346962
0.5,0.5,4,B2,M,A,Cu,3.481784725,0.210360045,1.385174364,4.98447364,3.901267473,2.277293572,3.147714595,1.042815093
0.5,0.5,4,B2,L,U,Cu,2.229293521,0.052670253,3.230652163,4.664061699,4.242051682,1.587045354,3.885466306,1.010308372
0.5,0.5,4,B2,M,U,Cu,2.030059767,0.129247068,1.057218759,0.814347486,1.712805852,4.067986553,4.136485693,1.036954732
0.5,0.5,4,B2,L,A,Ex,2.127276926,0.074153371,1.580108574,4.164044734,0.916190904,2.347458274,3.943151045,1.018567264
0.5,0.5,4,B2,M,A,Ex,2.384731519,0.051786698,2.449201406,4.999520113,3.030929568,1.454051156,2.452142905,1.004968111
0.5,0.5,4,B2,L,U,Ex,2.742325116,0.089263187,2.196973605,4.944877355,4.41170365,2.537083899,4.406025766,1.024572495
0.5,0.5,4,B2,M,U,Ex,1.791618393,0.028720895,1.295105286,3.390179887,4.176498706,0.428010214,3.775746909,0.992257788
0.5,0.5,4,B2,L,A,Lo,2.25972367,0.085924821,1.131966433,3.980863226,0.779620301,1.513680197,4.279141117,1.0103878
0.5,0.5,4,B2,M,A,Lo,3.990572224,0.100820645,1.606936364,4.53263663,3.878564937,0.244094483,3.739631072,1.011217737
0.5,0.5,4,B2,L,U,Lo,1.537831855,0.089968836,0.937913309,3.266316214,1.593287051,2.39131961,3.381410602,1.041738706
0.5,0.5,4,B2,M,U,Lo,1.072786289,0.040564759,0.851261351,4.288313405,1.603794429,0.72931731,1.753888921,1.028351661
0.5,0.5,5,B1,L,A,Li,3.473695105,0.09412428,2.856740263,3.415332531,0.368143818,2.387696393,4.447401371,0.414049355
0.5,0.5,5,B1,M,A,Li,3.492569151,0.131709564,2.958844701,3.264052902,0.296731679,2.517766601,3.868588467,0.432930708
0.5,0.5,5,B1,L,U,Li,3.586147985,0.043744261,3.382920307,3.542187333,0.401418304,1.892420018,4.539381872,0.42763059
0.5,0.5,5,B1,M,U,Li,2.974053367,0.074176961,1.32938393,2.870634073,0.462162002,2.102082295,4.675163239,0.436882741
0.5,0.5,5,B1,L,A,Cu,3.300215689,0.066345031,3.411433083,3.73262329,0.459621028,4.960273482,4.569682272,0.405130491
0.5,0.5,5,B1,M,A,Cu,3.999898994,0.096013736,2.920174939,3.773480909,0.317609321,3.20313336,4.739931078,0.417771972
0.5,0.5,5,B1,L,U,Cu,2.584063169,0.047009389,3.925855289,2.545337474,0.412060527,2.173082244,3.574716531,0.424923892
0.5,0.5,5,B1,M,U,Cu,2.186417757,0.209082757,1.138754027,2.627285447,0.329322318,3.607241267,1.930201704,0.427222779
0.5,0.5,5,B1,L,A,Ex,3.488385689,0.035047635,4.132440095,3.403170558,0.367329441,1.727626042,4.485220867,0.416612565
0.5,0.5,5,B1,M,A,Ex,3.24975501,0.010553011,1.993482923,3.126482776,0.317651569,1.756947531,3.736429828,0.420269185
0.5,0.5,5,B1,L,U,Ex,3.283823459,0.106933026,4.216411049,3.252582876,0.344871729,2.447061491,3.577034297,0.427589444
0.5,0.5,5,B1,M,U,Ex,2.264325891,0.023299923,1.88833452,2.537408095,0.514318039,4.693533549,4.149485173,0.402378528
0.5,0.5,5,B1,L,A,Lo,2.972403128,0.094157586,3.445755366,3.024413374,0.420298442,1.975982435,4.0350718,0.43158669
0.5,0.5,5,B1,M,A,Lo,3.148740973,0.047802611,3.375109339,3.155572531,0.447327574,1.504738681,4.267436924,0.421983914
0.5,0.5,5,B1,L,U,Lo,3.122800677,0.127362587,2.480497082,3.235784406,0.357618081,2.948697178,3.500875639,0.430587834
0.5,0.5,5,B1,M,U,Lo,3.356835492,0.239553539,1.797211419,3.503981303,0.328700395,3.771515709,3.393472636,0.438368715
0.5,0.5,5,B2,L,A,Li,4.747361769,2.44376505,0.142728676,3.372738484,2.292946266,4.795240298,4.182450846,0.584637051
0.5,0.5,5,B2,M,A,Li,3.722450636,1.048890248,0.131339251,3.426773787,2.621664759,0.327024182,4.692090457,0.580707678
0.5,0.5,5,B2,L,U,Li,3.292704426,0.622034122,0.105852151,2.595224514,4.881265771,3.17181542,4.636133629,0.604790131
0.5,0.5,5,B2,M,U,Li,2.675708989,1.03662668,0.090392677,2.086191808,3.807833393,2.365220533,4.43309954,0.575860308
0.5,0.5,5,B2,L,A,Cu,3.392859336,0.854850396,0.102940977,4.021244901,3.849438364,0.188367622,4.502569447,0.560251747
0.5,0.5,5,B2,M,A,Cu,3.71669185,0.772554841,0.101218857,3.131109229,4.688118446,0.358818698,3.999539634,0.561159609
0.5,0.5,5,B2,L,U,Cu,2.834321034,1.207663679,0.099980427,2.267745808,4.009130241,3.567212055,4.874794323,0.580116097
0.5,0.5,5,B2,M,U,Cu,3.277721911,1.053561466,0.102161441,2.453081232,3.984767483,4.961779818,4.959801475,0.573914444
0.5,0.5,5,B2,L,A,Ex,4.434759809,1.524453291,0.157955664,3.824293899,4.544018972,1.953881151,3.67290639,0.579843172
0.5,0.5,5,B2,M,A,Ex,2.579910775,0.695249797,0.065373896,1.987891275,4.27643139,0.194363128,3.703056826,0.549546729
0.5,0.5,5,B2,L,U,Ex,1.904884555,0.591325117,0.05426345,1.362678413,2.472973075,1.446649414,3.32271844,0.576114522
0.5,0.5,5,B2,M,U,Ex,1.946049468,0.830432709,0.08798912,1.951112851,4.383849726,2.665117482,1.837132956,0.611316666
0.5,0.5,5,B2,L,A,Lo,3.324942407,1.098011007,0.131833001,2.953446799,4.431572246,2.806433855,2.377189515,0.591247033
0.5,0.5,5,B2,M,A,Lo,4.964674757,2.011100491,0.174050848,4.300580987,2.64786801,0.875484683,4.818759039,0.602149297
0.5,0.5,5,B2,L,U,Lo,2.55284993,0.726398907,0.103595819,2.443907545,4.001032515,2.189858274,3.973020912,0.601486602
0.5,0.5,5,B2,M,U,Lo,3.01024994,1.296261104,0.127835051,2.886358582,4.055651228,4.510136333,4.879169481,0.608642433
1,0,1,B1,L,A,Li,0.672758004,4.607010046,2.017547896,1.692122197,0.46572485,2.405330072,4.84493721,1.889102167
1,0,1,B1,M,A,Li,0.850192182,4.209661394,2.054771715,2.120729495,0.48376633,3.125673469,3.45808519,1.892801099
1,0,1,B1,L,U,Li,0.727001547,4.763025566,2.089656369,1.793851202,0.360490029,1.666041728,2.810701483,1.887579537
1,0,1,B1,M,U,Li,0.670409536,3.198647401,1.605571789,1.688287994,0.601996644,4.483125731,3.315328069,1.891160291
1,0,1,B1,L,A,Cu,0.842865615,4.577819567,2.251087252,2.098456642,0.347504816,1.917804367,2.086898915,1.882171201
1,0,1,B1,M,A,Cu,0.830792987,4.53768717,2.162189575,2.04161773,0.371422278,2.037471672,2.005064913,1.890256878
1,0,1,B1,L,U,Cu,0.599743711,3.604105935,1.69150561,1.48587447,0.25998308,0.925041346,1.820180536,1.88181903
1,0,1,B1,M,U,Cu,0.654218101,4.998774266,1.996499945,1.53554913,0.121869051,0.446249858,4.223186376,1.876497061
1,0,1,B1,L,A,Ex,0.915927166,4.873944547,2.421141865,2.274778279,0.356264885,2.142337023,3.153735883,1.884863397
1,0,1,B1,M,A,Ex,0.720838563,4.440199415,2.00479268,1.746159075,0.263606227,1.077541403,2.167191154,1.887071626
1,0,1,B1,L,U,Ex,0.655693841,4.006032531,1.947613301,1.598182698,0.154388425,0.548614144,2.776980938,1.880996324
1,0,1,B1,M,U,Ex,0.38394342,4.227628511,1.464429908,0.911261144,0.192267645,0.401107382,3.980795485,1.881512456
1,0,1,B1,L,A,Lo,1.108093766,4.36168194,2.607210401,2.796661167,0.420844068,3.422985758,3.669240816,1.886791311
1,0,1,B1,M,A,Lo,0.931599861,4.083408331,2.155565509,2.314753769,0.458463134,3.294506563,2.398805703,1.888899085
1,0,1,B1,L,U,Lo,0.533694513,2.485297925,1.250910645,1.346886151,0.588567577,3.35448848,2.862123791,1.889519548
1,0,1,B1,M,U,Lo,0.79213016,4.301720762,1.87622503,1.985237565,0.565813476,4.3606069,3.391771156,1.892689486
1,0,1,B2,L,A,Li,1.644064646,0.754543239,0.979562117,3.589728274,4.58606014,3.603649109,3.942098504,1.872241703
1,0,1,B2,M,A,Li,1.57622373,0.961261903,1.279669667,1.960764812,3.735091445,4.166141988,4.045836616,1.905244918
1,0,1,B2,L,U,Li,0.254249663,1.202011611,3.613468285,4.999683294,2.41826825,2.333084252,0.260707702,2.087783422
1,0,1,B2,M,U,Li,1.003830602,0.443346334,0.610332343,3.78585876,4.737537552,4.180991664,2.47529453,1.946573848
1,0,1,B2,L,A,Cu,2.179321576,0.782055777,1.158364948,4.20735736,4.567811252,3.997144615,2.819104726,1.922176383
1,0,1,B2,M,A,Cu,1.392468502,0.622887266,0.907349121,3.421585685,4.523266679,3.09192171,4.758551216,1.888806846
1,0,1,B2,L,U,Cu,1.351595721,0.062327219,1.935268244,4.999975803,4.953547242,0.20549464,4.87464089,2.028487804
1,0,1,B2,M,U,Cu,0.987702542,0.196734155,0.463502998,1.815970221,3.04134551,1.826640684,3.712516066,1.957934503
1,0,1,B2,L,A,Ex,1.363851081,0.990758324,1.12266746,1.700627454,4.752338239,3.694370657,4.985972036,1.882267986
1,0,1,B2,M,A,Ex,1.281527251,0.806475138,0.990970399,2.397733171,3.648811922,3.855043036,4.635432337,1.841466903
1,0,1,B2,L,U,Ex,0.4961222,0.263773532,0.307366251,4.445997584,2.373017205,3.108773091,2.337053676,1.848080983
1,0,1,B2,M,U,Ex,0.986823225,0.344910498,0.590161495,4.766735567,4.147252631,3.632931248,4.808876246,1.896824165
1,0,1,B2,L,A,Lo,2.1861193,1.366568513,1.686059556,1.866180105,4.87131851,4.791426162,4.721250505,1.911107292
1,0,1,B2,M,A,Lo,1.40950924,0.530690682,0.878789818,4.995706458,3.206294045,3.350890789,4.498596921,1.887669953
1,0,1,B2,L,U,Lo,0.794033682,0.439194563,0.565329184,0.969966068,3.207329125,4.678178441,4.766572306,1.860989242
1,0,1,B2,M,U,Lo,0.315252754,0.314622161,0.291125504,0.576279174,2.219264231,2.921526816,0.699371767,1.838062943
1,0,2,B1,L,A,Li,1.439797786,4.731528683,0.799748939,0.47815871,0.45557528,0.085336514,4.578763615,1.585276653
1,0,2,B1,M,A,Li,1.54633591,2.727345309,0.757090331,0.490112726,0.486018172,0.101262243,4.961398564,1.587583971
1,0,2,B1,L,U,Li,1.34961897,4.999428482,1.317242264,0.652013615,0.311784076,0.077164707,4.232881463,1.584431806
1,0,2,B1,M,U,Li,1.045632442,4.962983345,1.011122986,0.525060879,0.422876469,0.076331345,4.982203456,1.589316317
1,0,2,B1,L,A,Cu,1.466372793,1.709593861,2.604251355,0.837473076,0.106183641,0.042985746,4.840464814,1.612137187
1,0,2,B1,M,A,Cu,1.118487277,1.224211966,1.878111711,0.600137763,0.151278307,0.043420168,4.999324713,1.611720208
1,0,2,B1,L,U,Cu,2.708202511,4.917610218,0.902902811,0.473650446,0.081435293,0.081024122,4.291034647,1.556958856
1,0,2,B1,M,U,Cu,3.434999418,4.996064782,0.97594813,0.536580458,0.080153584,0.092653812,4.281247256,1.557847346
1,0,2,B1,L,A,Ex,1.273739684,0.506140021,0.696608234,0.864409553,0.565217199,0.392684924,4.906510328,1.627524357
1,0,2,B1,M,A,Ex,1.198060647,0.451931796,0.630753505,0.7616459,0.549997086,0.319137048,4.710307564,1.626949758
1,0,2,B1,L,U,Ex,2.616701964,4.383272015,1.096784384,0.615077845,0.055412438,0.083922725,4.928124581,1.538476828
1,0,2,B1,M,U,Ex,1.945633352,2.580064632,0.688845595,0.364512099,0.059054321,0.060713191,4.537979645,1.539397623
1,0,2,B1,L,A,Lo,1.434064009,4.995603012,1.46202544,0.742726109,0.563909151,0.16895457,4.329582439,1.587770732
1,0,2,B1,M,A,Lo,1.272224171,4.819063028,1.175999736,0.616457855,0.556581626,0.134971433,3.465574157,1.588543323
1,0,2,B1,L,U,Lo,0.842771346,4.749253971,1.12617517,0.559014671,0.641862922,0.065443007,4.943348943,1.60475554
1,0,2,B1,M,U,Lo,0.559950336,1.715286113,2.849605314,0.579498067,0.891847824,0.588943657,4.779966745,1.519929926
1,0,2,B2,L,A,Li,0.761963283,1.19948611,0.863635088,4.992586163,3.145450673,1.1833853,4.645936665,1.796214929
1,0,2,B2,M,A,Li,0.768471194,1.366081322,0.96339796,4.846915672,2.565971534,1.51630827,4.871958588,1.796817636
1,0,2,B2,L,U,Li,0.525184539,0.892407958,0.630265587,4.945412456,4.315635357,0.546891167,4.47637177,1.795550486
1,0,2,B2,M,U,Li,0.533368972,0.945564812,0.66700077,3.94121922,4.537908538,0.623005937,3.527996482,1.799055118
1,0,2,B2,L,A,Cu,1.872397347,0.376668101,0.462037269,4.368013418,3.752831676,0.619522947,3.802008532,1.762910415
1,0,2,B2,M,A,Cu,2.399389859,0.597805203,0.75470987,3.629574165,4.996346153,0.801101361,4.628203781,1.764225271
1,0,2,B2,L,U,Cu,0.870107832,0.632885494,0.601384968,4.764450171,4.619440275,0.393272707,2.653000644,1.793040632
1,0,2,B2,M,U,Cu,0.687356894,0.397912,0.512787123,4.999943237,4.130345015,0.184095748,4.61126818,1.79528141
1,0,2,B2,L,A,Ex,2.437550895,0.492216776,0.628049472,4.879045984,4.791674517,0.54461218,4.837726756,1.773853619
1,0,2,B2,M,A,Ex,2.05855968,0.446528393,0.606917276,3.077418353,2.551500145,0.809011395,4.984155753,1.765003331
1,0,2,B2,L,U,Ex,0.236441856,0.050402682,0.520500405,4.962545664,3.040151085,0.011558424,4.2442377,1.784446452
1,0,2,B2,M,U,Ex,0.349269715,0.771461673,0.438860893,4.729845859,0.478620844,4.268292085,4.717593393,1.79784773
1,0,2,B2,L,A,Lo,1.071543155,1.901462322,1.225111799,4.991973627,1.913333883,2.418871778,4.382899808,1.801935554
1,0,2,B2,M,A,Lo,1.046623146,1.749750154,1.303538575,4.787470083,3.982897767,1.53070855,3.152967325,1.802450064
1,0,2,B2,L,U,Lo,0.574394802,1.023623937,0.666622975,4.967955525,2.93392994,1.138512157,2.586008796,1.799310109
1,0,2,B2,M,U,Lo,0.636370114,1.197086433,0.766403812,4.998315423,1.518570768,3.184229974,4.893062776,1.800138999
1,0,3,B1,L,A,Li,0.862225799,3.959014318,2.421734162,0.491084532,0.546189081,0.292851283,2.838424342,1.509289264
1,0,3,B1,M,A,Li,0.970472264,4.987953163,2.798612695,0.54918939,0.551631425,0.331775529,3.219005967,1.508750582
1,0,3,B1,L,U,Li,0.504835189,4.498712283,1.337849244,0.92115388,0.879802922,4.091971298,4.529445544,1.33090036
1,0,3,B1,M,U,Li,0.818230803,4.898209017,2.468363094,0.502613341,0.626372373,0.203636882,4.902645026,1.514002407
1,0,3,B1,L,A,Cu,1.397731582,4.470001422,1.545092333,0.246558073,0.560651932,0.170799827,4.994369634,1.49306018
1,0,3,B1,M,A,Cu,1.420911101,4.381018667,0.649920227,0.344504826,0.528606109,0.293236561,4.959101095,1.494266021
1,0,3,B1,L,U,Cu,1.107894583,4.999985814,2.202753467,0.415350283,0.395284949,0.154116402,4.932351788,1.503202466
1,0,3,B1,M,U,Cu,0.47814831,4.685058076,0.874547821,0.917415941,0.885301364,3.598860312,4.089509129,1.371630551
1,0,3,B1,L,A,Ex,1.093374738,4.885758328,1.790344512,0.404272514,0.356820003,0.147902921,4.674946075,1.505910238
1,0,3,B1,M,A,Ex,1.104625788,4.090584403,1.420775895,0.302336836,0.414255867,0.130052378,4.914083232,1.500681063
1,0,3,B1,L,U,Ex,1.071519773,4.996951936,2.52730345,0.454538429,0.320195162,0.156458884,4.958376739,1.502952475
1,0,3,B1,M,U,Ex,1.03269042,4.973740655,2.265769516,0.412850827,0.329531193,0.143859614,4.961011847,1.503598334
1,0,3,B1,L,A,Lo,0.732249475,4.999430573,3.740513365,0.585647176,0.566965668,0.346086705,1.955468908,1.537521151
1,0,3,B1,M,A,Lo,0.650889335,4.982238769,3.400088934,0.53282002,0.563544225,0.314816154,1.737760178,1.536593803
1,0,3,B1,L,U,Lo,0.511535092,0.656341884,0.748019978,1.016174175,0.818654209,3.06724416,4.921731327,1.496554995
1,0,3,B1,M,U,Lo,0.580734425,3.776566762,4.850066132,0.620941509,0.864322026,0.904010052,4.507217982,1.48117899
1,0,3,B2,L,A,Li,2.450070124,0.395449293,1.414347364,4.999996242,2.412528904,0.032530193,4.957256394,1.7198438
1,0,3,B2,M,A,Li,1.797686635,0.271627614,1.183586631,4.953275573,1.745114171,0.042203703,4.147953737,1.697809883
1,0,3,B2,L,U,Li,0.705888217,1.039947172,0.669081225,4.999953304,1.598991848,1.221750328,3.116904263,1.856050732
1,0,3,B2,M,U,Li,0.450519912,0.727375417,0.473472771,4.999999999,0.374948705,2.882227764,4.59617282,1.854450838
1,0,3,B2,L,A,Cu,2.375968554,0.229131232,0.374650672,3.746077409,4.218379015,0.446220128,4.395066882,1.622231186
1,0,3,B2,M,A,Cu,2.205883904,0.268694394,0.38562323,4.62022013,3.894576515,0.564919055,4.214811089,1.59854459
1,0,3,B2,L,U,Cu,1.4266343,0.246985507,0.864443201,4.999988784,4.393623602,0.008364954,4.837308879,1.766693696
1,0,3,B2,M,U,Cu,1.470334269,0.222496429,0.898519917,4.999996738,4.605510362,0.000760183,4.895813011,1.692760225
1,0,3,B2,L,A,Ex,2.021403267,0.193344687,0.658028965,4.488921076,4.305139949,0.225735415,4.313524816,1.655138419
1,0,3,B2,M,A,Ex,1.733356775,0.152645451,0.418819589,2.53063505,3.090822339,0.247849925,4.251653182,1.629197844
1,0,3,B2,L,U,Ex,0.712679694,0.111146712,0.91598376,4.999989529,2.306008242,0.019601728,3.676536249,1.763655457
1,0,3,B2,M,U,Ex,0.811074484,0.098923323,1.141658682,4.923013725,2.427407261,0.022142696,4.645403509,1.721956513
1,0,3,B2,L,A,Lo,1.17751151,2.200765309,1.199315377,4.999999953,1.009578642,3.067262838,3.103622249,1.869412546
1,0,3,B2,M,A,Lo,0.73618175,1.499316351,0.880302978,4.999999416,1.424217345,1.866806167,1.663572356,1.879386218
1,0,3,B2,L,U,Lo,0.65750512,1.337889578,0.727926057,4.999999985,1.055806808,3.354498489,3.50229823,1.86982412
1,0,3,B2,M,U,Lo,0.573325491,1.17449249,0.675033256,4.999999417,0.89050166,3.158591039,3.124080485,1.870232598
1,0,4,B1,L,A,Li,0.837584385,1.956257017,2.156404082,4.16185263,1.209189985,0.371474023,3.164343496,1.417339449
1,0,4,B1,M,A,Li,1.41214625,1.845916115,2.470977105,4.178112471,1.069855642,0.417531564,4.041655216,1.50367885
1,0,4,B1,L,U,Li,0.703292865,2.3582999,3.673396177,3.403354587,0.956464234,3.55572595,2.118024129,1.50355198
1,0,4,B1,M,U,Li,0.537212324,2.356406847,3.435442227,1.255375198,1.082366482,0.598743225,2.31751874,1.535612473
1,0,4,B1,L,A,Cu,0.392456048,2.633011079,2.433978334,3.161605747,1.213979861,0.667472265,2.346926312,1.435752806
1,0,4,B1,M,A,Cu,1.112821432,0.121710317,2.231436418,1.648070392,0.900303422,0.321427552,4.642628445,1.425476119
1,0,4,B1,L,U,Cu,0.430506255,2.062178191,4.719953309,4.109538034,1.166231528,0.407844215,1.370962119,1.507456354
1,0,4,B1,M,U,Cu,0.932841174,3.075078208,3.709642796,3.274062091,0.908967756,4.360308787,4.047153387,1.555892677
1,0,4,B1,L,A,Ex,0.684981871,1.032567031,3.209793838,4.072954162,1.04922699,0.392839603,2.665066383,1.45734603
1,0,4,B1,M,A,Ex,1.118611811,0.757265784,1.196783767,0.418064898,0.964310643,0.456898008,4.024097918,1.461346004
1,0,4,B1,L,U,Ex,0.656824042,1.65849391,1.664444821,0.112607476,0.268559773,0.007491399,2.637492119,1.545217002
1,0,4,B1,M,U,Ex,0.708094212,1.590630172,2.705626506,3.64556189,0.981038755,0.949683349,4.728889561,1.510049356
1,0,4,B1,L,A,Lo,1.488416057,2.665018396,3.591427734,4.339128003,1.047163346,4.88796175,2.768859893,1.563793486
1,0,4,B1,M,A,Lo,2.397284328,0.348960997,4.850179373,4.453544662,0.90753605,2.866596076,4.493708504,1.472113522
1,0,4,B1,L,U,Lo,0.494020348,0.553310575,4.497493516,1.567140065,1.106887446,0.919143252,1.546276999,1.488558509
1,0,4,B1,M,U,Lo,0.92825047,1.835741721,3.448522161,3.364057962,0.906608647,3.272485641,4.081195232,1.562896284
1,0,4,B2,L,A,Li,3.690491422,0.256190087,3.383139276,4.15320878,4.117441334,0.089892725,3.819884649,1.48441006
1,0,4,B2,M,A,Li,2.927617971,0.220628418,3.602732892,4.958540931,2.825952575,0.558114656,3.38342178,1.490471087
1,0,4,B2,L,U,Li,2.603873218,0.206004398,4.982862435,4.514922341,3.904234472,1.753321609,3.773775328,1.487367513
1,0,4,B2,M,U,Li,2.754247228,0.21972943,2.396490146,4.998830204,4.48236265,0.91513147,4.171564954,1.501676702
1,0,4,B2,L,A,Cu,2.298994418,0.054951446,2.687738236,3.982737311,2.7306092,0.346280562,4.003333426,1.42815759
1,0,4,B2,M,A,Cu,2.349560998,0.072143618,3.03457367,4.912001578,3.458675833,0.357994578,3.61436535,1.428448466
1,0,4,B2,L,U,Cu,2.092449661,0.111423153,4.777784603,4.408169415,4.137473409,1.04630186,2.891402321,1.463596976
1,0,4,B2,M,U,Cu,1.89383326,0.120818759,4.544935149,2.797605557,2.822190149,1.128991452,3.70398756,1.465885644
1,0,4,B2,L,A,Ex,3.266610722,0.171599586,2.056738341,4.585539699,4.438809541,0.50401432,4.455122427,1.455029763
1,0,4,B2,M,A,Ex,2.265664815,0.03845312,2.070083065,4.931769229,2.98615301,0.188361214,4.963408984,1.399486241
1,0,4,B2,L,U,Ex,2.398605377,0.22383429,4.985779776,2.678159956,4.223664828,0.648165233,4.830216687,1.502768941
1,0,4,B2,M,U,Ex,2.722077865,0.222174046,2.336373302,3.61020274,4.945037914,1.297296411,3.837448953,1.485225448
1,0,4,B2,L,A,Lo,3.490442291,0.310967995,3.375015636,4.402831117,3.281202878,0.475553324,3.051221835,1.500045725
1,0,4,B2,M,A,Lo,3.711157699,0.335382097,3.582275931,4.289079787,3.644954957,0.729868947,3.027999771,1.48950703
1,0,4,B2,L,U,Lo,2.824921718,0.314894937,2.380604648,3.203117215,3.953930495,0.575324577,4.249835631,1.501897411
1,0,4,B2,M,U,Lo,2.832542377,0.284498477,3.100781949,3.362387137,4.3226402,0.103479047,4.002267049,1.489715707
1,0,5,B1,L,A,Li,1.333408656,0.510934797,4.235720181,4.948822139,0.806178215,4.737539342,0.867579062,1.155859683
1,0,5,B1,M,A,Li,1.458894734,0.556531056,1.918845337,3.720973539,0.805454726,4.852426333,1.029812164,1.154956493
1,0,5,B1,L,U,Li,0.355250749,4.953569036,3.466946436,4.735746297,1.155943817,1.089101022,0.343133083,1.12572612
1,0,5,B1,M,U,Li,0.696059238,0.267925733,4.957061346,4.999906123,0.819553648,3.791080393,0.02267393,1.160522902
1,0,5,B1,L,A,Cu,0.274411384,0.517498997,4.9359384,4.851393076,1.044180894,0.817252112,0.397759496,1.123786421
1,0,5,B1,M,A,Cu,1.736660882,0.660692195,3.743840951,4.795073749,0.806786488,3.981005124,1.107992094,1.155030995
1,0,5,B1,L,U,Cu,0.697525777,4.675801973,3.916134136,4.908776914,0.953064336,4.33010335,0.900749109,1.164731357
1,0,5,B1,M,U,Cu,0.505452343,4.948508566,4.769087793,4.999488192,1.059955011,0.922430108,1.200083305,1.083220985
1,0,5,B1,L,A,Ex,2.640446261,0.890342911,4.982691627,4.992128148,0.841518935,2.523235775,3.901424936,1.165292716
1,0,5,B1,M,A,Ex,3.379936747,1.200815346,4.925342981,4.546058219,0.831309415,3.637520755,4.819708066,1.170597588
1,0,5,B1,L,U,Ex,0.13645377,4.966420167,2.284954444,4.932415692,1.16961174,4.637927454,0.142557676,1.119467437
1,0,5,B1,M,U,Ex,0.142546808,4.623823919,3.11102725,4.580074896,1.164700573,4.631820708,0.14540415,1.119805009
1,0,5,B1,L,A,Lo,2.954774745,1.004825287,3.645249987,4.978357401,0.836424585,1.560254209,4.208518754,1.164721248
1,0,5,B1,M,A,Lo,0.864587205,0.322765281,4.853141608,3.715226605,0.812983852,4.641514294,0.71875113,1.154969154
1,0,5,B1,L,U,Lo,0.149546588,4.975390033,4.931506747,4.866900339,1.175395163,3.036125793,0.048213912,1.112440162
1,0,5,B1,M,U,Lo,0.11620055,4.96911474,1.7871119,4.167827915,1.185084848,3.173115321,0.007864779,1.146547408
1,0,5,B2,L,A,Li,4.295422189,1.262841579,0.717085513,4.193205885,3.874003435,3.573093317,2.501244804,1.088090298
1,0,5,B2,M,A,Li,4.324996937,0.493023701,0.266689995,4.538939618,2.222256876,3.46006998,3.272885372,1.112502375
1,0,5,B2,L,U,Li,2.859602827,0.671509296,0.754119258,2.614588433,3.699966284,4.648413358,2.837305625,1.104486639
1,0,5,B2,M,U,Li,1.418610973,0.524413439,4.997055454,2.968058873,2.675103211,3.891362505,0.060120952,1.158880501
1,0,5,B2,L,A,Cu,3.506675211,0.669587677,0.726849335,2.806211498,2.738110706,4.521263418,1.177924197,1.072969065
1,0,5,B2,M,A,Cu,1.34148326,0.05546612,3.836426489,1.355736066,1.039809891,1.265046176,1.340887481,1.104052975
1,0,5,B2,L,U,Cu,2.859747599,0.410098951,0.759289126,1.828816636,4.925647723,3.225822679,0.792602751,1.130725398
1,0,5,B2,M,U,Cu,2.481145427,0.449584224,0.322472827,1.967411292,3.2666992,2.878838012,2.185006176,1.154072546
1,0,5,B2,L,A,Ex,4.358116679,0.640671745,0.7230301,2.743025284,4.192432494,2.519746594,2.15739198,1.074885073
1,0,5,B2,M,A,Ex,2.643308006,0.726467111,0.666594265,4.741547778,2.393892584,4.19793573,1.827606402,1.091893373
1,0,5,B2,L,U,Ex,1.969711604,0.431129516,0.371169196,4.700760659,3.35705593,4.3840011,1.364977555,1.097395044
1,0,5,B2,M,U,Ex,2.155623969,0.55498276,0.325082662,1.416577685,2.574995192,3.199182148,2.158503048,1.092174755
1,0,5,B2,L,A,Lo,3.842877659,0.400878972,0.148823169,2.97085979,1.528142782,4.117131355,2.791242055,1.064701954
1,0,5,B2,M,A,Lo,3.512725093,0.642198761,0.409264747,2.56484068,2.877398518,4.24878507,2.125040143,1.073550406
1,0,5,B2,L,U,Lo,2.982930968,0.409991871,0.088354763,3.732936771,4.527601749,3.333808632,2.269662647,1.080201216
1,0,5,B2,M,U,Lo,4.371710518,0.28503711,0.630130919,2.946939076,2.753304539,4.228536606,4.415088178,1.081381232
