iter,Prob,w01,w02,w03,w04,w05,w06,w07,w08,w09,w10,w11,Fobj
1,P01D,2.709630027456985e-05,0.09285652459874046,0.005570915434974922,0.7189890860939283,0.7401397295303095,0.2730142152409365,0.23342288937280653,0.48044714833302177,0.46622946652353614,0.15250924429952767,0.8812860095744641,0.016275211185702274
2,P01E,0.008636122454814097,0.0010143077825180424,0.0033950442415752718,0.6038314315633169,0.8831296586456365,0.11948302311458689,0.9501981981863622,0.163333254202707,0.7607650437193655,0.14348411412606027,0.7729438735011557,0.057282960932572444
3,P01D,0.0032404152009300894,0.18928684706934562,0.7864359002856793,0.4534885953494441,0.8992224851624396,0.8963939449802246,0.7162314041971969,0.7278138699933541,0.408456743494212,0.31704412201162135,0.8530315004638688,0.01678400976386944
4,P01E,0.1169942145189029,0.031138541354428576,0.38872421435050536,0.9371440058767765,0.9228525284330529,0.6835424707396855,0.6996108347041368,0.24332636709619535,0.8942428910730663,0.5115349013844643,0.2646203601398777,0.07126566308448094
5,P01D,0.0041615910348555725,0.7062944893128348,0.9985062434511575,0.1500666338284748,0.8055438025485435,0.38860160196211035,0.6434260549420009,0.3334020012209847,0.2295394689019835,0.14151019372554888,0.3533018598116269,0.0168649637076425
6,P01E,0.00857871007237232,0.0007699195335520007,0.0033612836930020495,0.6430445951789374,0.8450166093393896,0.5138659025322438,0.9656508932641332,0.04794362886863224,0.7953405342859095,0.22832343530777982,0.7627060103781726,0.05669820335156021
7,P01D,0.004789414194168187,0.7759382816471692,0.996795839922036,0.2972300703004333,0.7661087864887732,0.8543412293599697,0.25488638096052607,0.3836268806833766,0.31728129398384974,0.06708161319136352,0.8390127444478194,0.01696647680103399
8,P01E,0.16220487332030314,0.05882868567073615,0.7367421812889714,0.8895715063822638,0.7688341413376694,0.5716315483065078,0.7232615318507107,0.15819234391951506,0.9425389436750985,0.4100359843064339,0.12478216304204882,0.07134036507453993
9,P01D,0.003858741695230187,0.8553451346591686,0.9485221774922014,0.09079861299908473,0.9377144469802172,0.9683448959868624,0.5154690742088381,0.611226319827575,0.20764565670622773,0.29752531179202973,0.6273703911887218,0.016841327159086057
10,P01E,0.008278808440895196,0.000949240714787205,0.00311793884801836,0.4188957943329803,0.8079517867209711,0.2630005027323956,0.80675571435017,0.164722593849306,0.7291952388243126,0.1582566491917414,0.2670338840960089,0.05707499267955314
11,P01D,0.004238567935283381,0.8034612557761163,0.994924249822539,0.30306006989662226,0.9881285772406583,0.8767962557702644,0.7759912608736472,0.7781126594552026,0.2083493907402335,0.1570774194557641,0.13745421433032218,0.016880687098478245
12,P01E,0.008745504533335391,0.0010220225044205611,0.0034624185541407906,0.6112555942208832,0.7299032425979197,0.1468850363672521,0.8103721257830638,0.20423469213655004,0.9250870280411234,0.3135591007140244,0.824158354425777,0.05726943206925961
13,P01D,0.00158518942560425,0.3209237150012074,0.37189089576524237,0.12826550555520977,0.9143698846548716,0.483548906904405,0.10282371430056822,0.9071965539875748,0.4343907548059039,0.17355473046440756,0.8867262374482907,0.016611220737579115
14,P01E,0.008603292363715926,0.001008633837188307,0.0034317776810273213,0.5545770399572474,0.9048778280057445,0.30371942917391404,0.981618833321896,0.22364266258453935,0.9819759066399434,0.2842639485022922,0.7339378835184438,0.057300954409615586
15,P01D,0.004480815710594149,0.006799475193421577,0.9979459467983753,0.2386948992318722,0.7525562802534447,0.9329424400029847,0.4995068624298522,0.4580247291927375,0.24668000510831406,0.13360551131139564,0.189838033851024,0.016898927997530483
16,P01E,0.008895290093551857,0.0007900105785152091,0.0034999171076154395,0.8968929084808746,0.9529029951086521,0.35886963881301925,0.829197371180163,0.05150431563770219,0.7111188378849211,0.24028955095862486,0.9074266251425638,0.05669395660668578
17,P01D,0.00415813552277635,0.13583742842376353,0.9927614599071954,0.33313615795524243,0.8682017949608374,0.896866723192931,0.5430103511561134,0.5093674936168261,0.3343913895264754,0.278415688036011,0.7495703608266558,0.016864388552939945
18,P01E,0.008830257047546534,0.0007879198622880459,0.003453941058044603,0.6097119647512372,0.8406603660487986,0.36465812992635305,0.730265966261102,0.17665664818559276,0.8059620238234311,0.26373001569175436,0.7671301170280249,0.056703491769689536
19,P01D,0.0035089663408351688,0.9572174356940114,0.8287884994408157,0.023671920440540756,0.9832707567027315,0.8379194595418034,0.7617401952628341,0.5834871781564551,0.3150630476731511,0.09652544383465222,0.20697051468061728,0.016818911261970743
20,P01E,0.008557660476632893,0.0009928470982701158,0.003324031024185114,0.9172447572519635,0.9069862932059969,0.08048841779613848,0.8552925406449394,0.1350961946767173,0.8385361819957664,0.16747002802407107,0.8651923060945819,0.05735222836757436
21,P01D,0.004257595681593949,0.8410496918312851,0.998376879917352,0.047354028735937526,0.873425567368483,0.9917366605537405,0.7509492006798628,0.926999710015674,0.25882805328482017,0.2582677555583508,0.045109017777216154,0.016881901336045904
22,P01E,0.008516389787483307,0.0009941187510843393,0.0032953113117670362,0.40723108431676425,0.7536631319792004,0.2134623373348134,0.9079029218549391,0.2961073351495335,0.8282649039076329,0.07617994025079361,0.2680948829897013,0.057158986590068746
23,P01D,5.205319506572736e-05,0.7597747370825161,0.010447692195253553,0.4471126349150393,0.8873004120686405,0.3923672724432158,0.7115540033457197,0.42002437195347664,0.3053276661691583,0.2085073650624587,0.5644488730729765,0.016293360372603836
24,P01E,0.14742176932084233,0.02753470448098203,0.11192881737441368,0.6880329966057389,0.9105207324671258,0.29653267074423545,0.7984348994137486,0.1447989189587308,0.8715276946101973,0.13187849594509551,0.5708505190679227,0.12153915196884803
25,P01D,0.004842627426091311,0.4520456160039789,0.9994972109864646,0.30692656198117063,0.9058754291188347,0.7951850278236208,0.06100711304436153,0.6058469172447236,0.14235790279939434,0.0952388109231166,0.6027858587920889,0.01696066296682402
26,P01E,0.008736008220799356,0.0010215847591881879,0.003458781873216773,0.6763432242851192,0.9050209163091513,0.16907209919853072,0.7401649569537373,0.24464515535153158,0.6821715385775848,0.29361698761562194,0.9403009625546204,0.057247307949653055
27,P01D,9.178051591007465e-05,0.2689208783106731,0.02264137136342865,0.9301706107827573,0.8059444091145769,0.7908300426434082,0.2753940000311898,0.5937992601615452,0.7147855034333372,0.1923114925334326,0.2710457365704084,0.016305914910492735
28,P01E,0.10999263153797059,0.01667279322601272,0.07048407412034738,0.9033937934390205,0.8571240994844964,0.24747293332256384,0.8311727878900469,0.24198161196732007,0.6041161587958316,0.10186764733813483,0.4440397097136065,0.11399423320313475
29,P01D,6.196552008005101e-05,0.7985368345813046,0.014970591770549,0.37780309670882833,0.813513579303653,0.02901874481343586,0.021122456868406546,0.692697870832355,0.13167996551926747,0.14432322080689447,0.648525685594675,0.01628818044559291
30,P01E,0.13661277000562852,0.041125828720257426,0.5208587921280571,0.6677353171014724,0.9220741159601986,0.9571705764918965,0.832816597519292,0.04481002337013602,0.5358027803646479,0.45929217601239,0.8799922702510012,0.07141995506191356
31,P01D,0.003091022344643029,0.5330949413972587,0.6940473878868414,0.5880580094637662,0.7491494162867713,0.7018275409959549,0.48501326095629793,0.45556262855654794,0.007249102307333895,0.03396410909665566,0.7916466180233619,0.01679443043748592
32,P01E,0.12883772285629985,0.03743355947827322,0.47090535698077685,0.742849327261863,0.8772188692455156,0.4510892454320378,0.8643372740929571,0.19151514033579756,0.15157344848270357,0.4087848765458724,0.7670345198223519,0.07126703408160757
33,P01D,0.004074434810644108,0.10276475999572515,0.9948449258147785,0.41404796360998813,0.9239377323846887,0.6018179741917835,0.882719259319612,0.7222671836911309,0.2531101677885069,0.20552056971617444,0.8631573733614887,0.016854077508663797
34,P01E,0.030097944734401222,0.002013507071988542,0.013082226511979805,0.4843653636320508,0.6830725640384774,0.11105680685293179,0.8218130949360527,0.009033635245747546,0.7794130543454346,0.1079449953355746,0.8167176705010604,0.08038273370447954
35,P01D,0.00410444644386398,0.6820665481975554,0.9972921704858779,0.6165873144143905,0.8924754705882705,0.7700517045323256,0.7181370187559784,0.6623122230193639,0.4404776564286612,0.09046271762616584,0.44221256893078087,0.01685853720868332
36,P01E,0.15448762616416095,0.027803537836407873,0.11812633131040376,0.7071891535544539,0.8519791532312975,0.9705410162436358,0.820547106609394,0.12107353320473395,0.36357268219477173,0.023748215279438635,0.36917895642826193,0.12324998856396019
37,P01D,5.400128828690591e-05,0.13912943711990133,0.011660434611531809,0.28493196430947365,0.8676217679073512,0.18312842207670318,0.3031209505661018,0.3785827477366184,0.34810806892030777,0.14898789042960364,0.4213446859940718,0.016290521111822037
38,P01E,0.06788273971223424,0.008917670659502466,0.1156520304778622,0.2199987149989482,0.8151457762347382,0.7021441660953031,0.7803116132507955,0.03632323968548484,0.5847858386338963,0.3530245241135533,0.8855242477216385,0.07285813908393894
39,P01D,0.004004155198261611,0.6542924619012211,0.9709471803977163,0.591167861756072,0.6877643835509323,0.08527284105159819,0.3566455006143665,0.3353023268788125,0.2216272079308822,0.19159895028314122,0.8722051118827594,0.01684707844282489
40,P01E,0.15842422459445882,0.0561437476718766,0.7068512570890588,0.8518076170420157,0.9151898763440647,0.8909065425941263,0.6572340441906876,0.1803121256773596,0.5135574852313961,0.37999932613963955,0.8328974235247835,0.07143673339891632
41,P01D,0.003816056911042154,0.6848947492067444,0.926585411880783,0.17345312832477497,0.8277184140694536,0.7432907586848065,0.867989027119544,0.2949257920645062,0.4334838837745515,0.21446317873766868,0.6808455863425054,0.01683710881307604
42,P01E,0.06669435659235681,0.009936860237206208,0.12687383726608067,0.9444762567891913,0.997426449403669,0.41485767159703507,0.8770916912086975,0.26601739063747043,0.11715464509366658,0.477524075507578,0.816446015553912,0.07057841902984796
43,P01D,0.003950185452366887,0.720514687617031,0.9640335439938845,0.570217236622707,0.7437263044308301,0.3169703907978398,0.812643756819968,0.23565067604654444,0.3893448110833154,0.24282948595111756,0.6196778048133558,0.016849195140072167
44,P01E,0.02568273736055779,0.0018220716700212563,0.011427406680309563,0.1702808526127033,0.8951479136828444,0.21752034157615335,0.7737017263548052,0.06133297120675972,0.929187892638705,0.21198229514494155,0.819077013151773,0.07746140022848412
45,P01D,0.0025200690457933828,0.19515454016800804,0.5996215537884372,0.9468092714127134,0.9416630384184224,0.26969988364974007,0.4609674944154767,0.3426812197100777,0.1935391200022639,0.2709579874431953,0.09143557414942038,0.0167240261453511
46,P01E,0.03207933112372933,0.0022151851038839784,0.01468544117732482,0.7332527517884087,0.8749866347419666,0.24366853328490856,0.9483812914658563,0.1240392352881853,0.9215804769849834,0.26313699240928323,0.8276125614001046,0.08235195407522677
47,P01D,0.004069934855450711,0.8153964626235463,0.9997721794374347,0.30214760243551053,0.7650993127229039,0.702632325878812,0.4509212928662837,0.6967255499281166,0.17269378674642816,0.21374897431057355,0.9511504323096994,0.016853908380281817
48,P01E,0.008607306154753611,0.000755747598355988,0.0033722692202409607,0.9908014181466474,0.9582430340014851,0.6014186561047719,0.8704420702414662,0.02925201293756163,0.9830125149254838,0.026054865833100575,0.8033290154805472,0.056705183944262355
49,P01D,0.004136765928723321,0.3255580221405766,0.9856335610709035,0.22730183892755323,0.93746745596693,0.8637667821961121,0.9591272677810708,0.4642197538863919,0.14657760949164367,0.0741104244454307,0.31818943609988853,0.016864340763369796
50,P01E,0.008646955044127144,0.0010110066680657647,0.0034008995435360297,0.6388843851157746,0.8036074629219423,0.1942209013713284,0.8077818585497906,0.2024525765096511,0.9016176982524975,0.21641247428121188,0.8894609389440734,0.0572649533334562
51,P01D,2.1656963028424716e-05,0.26112015961498025,0.005229394789815962,0.7853651339775278,0.9025533915804832,0.5623063719204754,0.3229128103616017,0.39835033814781695,0.5745737941589721,0.06909336300284578,0.5884801808362126,0.016264441804410428
52,P01E,0.008747684369970662,0.0007847347930603662,0.003396835379817706,0.5014338130976586,0.972232799082503,0.4252424799647564,0.841927270003251,0.16831591736529655,0.864174110536111,0.28594068365113623,0.7809204439934143,0.05673242580703946
53,P01D,0.0042443900393969,0.7127598989761161,0.9584586644018431,0.6323154993637676,0.8066723638920497,0.48499997531035366,0.2440105739102286,0.8351265665919867,0.3582734597059178,0.271794230165051,0.6855683633640514,0.016886593601783125
54,P01E,0.008617692453621355,0.000996991520753985,0.003372191981338199,0.44413221658575797,0.7309904018353256,0.06979652574757371,0.8521875447242169,0.26403418265770207,0.6993853148311442,0.06976312115429274,0.7495563921043529,0.05730178533244167
55,P01D,0.004006115944567299,0.25834321469276417,0.9900828644471593,0.5639015990812751,0.7864508778824968,0.7200326292581453,0.30162140856845576,0.02173748358639877,0.3459201237894066,0.03795335977929521,0.09120860344057508,0.01683678700395488
56,P01E,0.008386432810561959,0.000981707090281087,0.0032075800467602734,0.8961891799020434,0.79660648352696,0.202299056147901,0.8863206836000679,0.2509908352348265,0.7851549787961427,0.2753166192064177,0.26503958219863505,0.05707181537255512
57,P01D,1.7989055266975875e-05,0.8210447049076532,0.004398592343353505,0.6198251009405089,0.7977449492126425,0.8159541103179033,0.4379511568543891,0.4797216334399344,0.13528292450522178,0.2265961945718648,0.248206763175996,0.016266502818589223
58,P01E,0.013707476263533133,0.000845278162410814,0.005545955004605543,0.300328376001347,0.8441227233180748,0.6194907035199758,0.9258607336951403,0.2578801232540411,0.8747614807101318,0.30536354976782104,0.8620395142663897,0.06209439590474031
59,P01D,0.0034668895631247087,0.00937725962251118,0.8149936617695663,0.31616704068067714,0.8336211009864625,0.6731217340658847,0.9169986612337497,0.7595053518324806,0.5054678225765474,0.17531954048880316,0.9418404408951555,0.01679751920976546
60,P01E,0.008424070739505317,0.0009849075589464197,0.0033171387732611034,0.6022212198125791,0.8149519506899492,0.2977553251733885,0.8691031198846295,0.31108142835233066,0.9313769086241515,0.22029981719166808,0.8740485146601773,0.057292713730787675
61,P01D,2.1084612870828994e-05,0.20819663054036253,0.005194017509499756,0.42350117611135196,0.7375248264419201,0.46677257042558956,0.8892842194799987,0.9038216575714868,0.16624649333316038,0.17038741996839718,0.5399360730509155,0.016265391661094544
62,P01E,0.10404656886567565,0.024206440915510136,0.30387520017405656,0.8744421115373449,0.7246210694042164,0.7129661360891685,0.9599220017451786,0.14477470253141367,0.6321399718068637,0.44243303190049743,0.19129782462685646,0.07106997828826815
63,P01D,0.005093946878696985,0.37548689005450286,0.9955403919175703,0.12613783262208042,0.9471325978607482,0.9476501655936925,0.12879547680591824,0.5657381456946303,0.2615319386836795,0.23080068442005774,0.46904991473130386,0.01700270977603546
64,P01E,0.011414176543328772,0.0009717617313379188,0.004752880725802719,0.6052530578579673,0.7450652900326471,0.27850522715495346,0.9489684824498761,0.08190786594875231,0.7206295024694261,0.2900328018855883,0.9309696023924657,0.06023053529095467
65,P01D,8.987875380325026e-05,0.12160309326655883,0.02158607540141142,0.1218355486800134,0.6896481246029336,0.7378460838884799,0.1712975382619755,0.8102377465981556,0.17048659022766655,0.13805142967360534,0.3681045436091996,0.016307714652255948
66,P01E,0.10587219874932756,0.024905888222491814,0.31507078480276657,0.7414379669313926,0.8357271666034888,0.9352352689659331,0.7949938189244192,0.17667594866847097,0.43848227036845827,0.3569393793506309,0.6590954220354022,0.07115461567575512
67,P01D,0.004001993187283006,0.325980025106376,0.9918127571577755,0.5943189751254736,0.9033180273401069,0.8461084203332194,0.29484777233750137,0.19250050271640706,0.19913596692277655,0.09720935802269928,0.6461467061735322,0.016832264600323478
68,P01E,0.00862219405291496,0.0007502163103384575,0.003287961803837291,0.9604452452458212,0.8195684770654545,0.4104939653020221,0.9712841318548351,0.2541570344424102,0.879147673002551,0.08410660391915432,0.8243679268475435,0.056777790434402675
69,P01D,0.004579736329755599,0.3953103769998434,0.983697917588646,0.22141976679223865,0.996980035901539,0.8098944503507703,0.8298583630428058,0.9700524694407835,0.13817045258140243,0.20388183967098228,0.35119965448296814,0.016942349244123987
70,P01E,0.008457538368743684,0.0009743393979274809,0.0032515208870070138,0.695592145776473,0.7953909776543033,0.19645412737385515,0.6970910902614029,0.24213385966619286,0.8088013729162848,0.27697346421029095,0.13919440908792952,0.05706821359358254
71,P01D,0.004083763358860456,0.8072844780624889,0.9945468523226937,0.4209461352111178,0.7306595611465057,0.8792700312413162,0.3966198426477061,0.7731006387364787,0.5781565187492795,0.08400781911360138,0.21001648648027862,0.01685000678463985
72,P01E,0.03128167694366872,0.0029809824611922698,0.012881744650711523,0.5130574529726448,0.842737116655272,0.002911444421425326,0.8826892416811614,0.2612296241776068,0.8031622508675669,0.027702335500026154,0.7903132304218076,0.08434438229067616
73,P01D,0.003029801241714507,0.15793888460688774,0.7258208327557858,0.24192621453222335,0.8678776286451806,0.7068466525247837,0.6717254822821094,0.8900410843353976,0.34371703806859283,0.1973499885353228,0.8564389630542316,0.01677041582496309
74,P01E,0.008897934911824636,0.0007908864721525689,0.003502609617085533,0.5554306124101859,0.7869520799612224,0.35485373396221087,0.9205855676166759,0.17776968839143717,0.7940712793677136,0.16596256776564702,0.771337471877367,0.056689890452538964
75,P01D,0.0040461893620670625,0.970039723878199,0.9851206458935579,0.8436234219950524,0.7921460210605251,0.8601266971491603,0.7662645058942548,0.563360156833945,0.918436005966992,0.1935347104521755,0.9968862211930282,0.016848307661991302
76,P01E,0.179981438572192,0.07293496040549924,0.911359878717565,0.711103222199374,0.7998339362879412,0.7061770152166862,0.9497280738566691,0.058071495221435704,0.46064154072201213,0.45166261591543744,0.1752819165741284,0.071398627625612
77,P01D,5.393564075194584e-05,0.4056675237339916,0.011645242667550293,0.22851521825593366,0.9298483160142595,0.6170761434973555,0.4331667091893994,0.6737475159421185,0.13087561959239113,0.03732774533152561,0.31627117126198734,0.016291200132394726
78,P01E,0.1383716835566855,0.04300184664689812,0.5407182168955403,0.7271303439740896,0.7029004761117283,0.82178793425834,0.9296382587224963,0.09576185452904025,0.31958316953968235,0.4718035432828058,0.9086156092332425,0.07130870473649767
79,P01D,0.0044313966693251775,0.4730585174753377,0.9866285674901665,0.3457191461649271,0.7638107196015993,0.773824465699949,0.1788103418903271,0.6341645501177009,0.2710065260001585,0.1684632307686929,0.35904433541838476,0.01689596618029398
80,P01E,0.17999948900091356,0.0724437414158138,0.9111557086744873,0.7749938728486608,0.8097158017796688,0.8167788365248377,0.5001515350369666,0.32722357629284016,0.4582029078703984,0.6600928812741657,0.9403838299759725,0.07143004972799283
81,P01D,0.003928830556519278,0.8615393565683019,0.9430654706204102,0.31634540876645656,0.9851917170856237,0.8284438943452443,0.9629147948341574,0.6172219685317584,0.07117231661085627,0.09983988897448172,0.6955642849992179,0.016845522918525858
82,P01E,0.033388872652704044,0.002313547349764033,0.015006305442862036,0.43493456936364716,0.7369266308717098,0.14076038989858508,0.7320590822994701,0.17601838959189148,0.6959060937191444,0.13997353372692212,0.9496753221490171,0.08307724289546801
83,P01D,4.954795472529664e-05,0.2611795825206699,0.00939906087792073,0.899983433264556,0.8865562103944908,0.6727764258161776,0.24108403559117808,0.22196596964754198,0.17969160487276176,0.1404021403165011,0.21637361934595434,0.016296214290277028
84,P01E,0.009333149866455651,0.0034911599965685314,0.0033001350899138854,0.6387696106124443,0.7676811001420266,0.1868646538770745,0.7776491610246616,0.210999779822644,0.7534011454205995,0.16646536645329246,0.5605590754359506,0.062441071396226504
85,P01D,2.4650147252780515e-05,0.0067410666286290555,0.0048914770029517985,0.6543449765497616,0.8887363669261834,0.716152889642202,0.6092952538524149,0.22677027263927477,0.4754651193722672,0.30425511925736015,0.7528067431569718,0.016274914014255435
86,P01E,0.009500152408403477,0.0010317563107000317,0.0037330973169655006,0.17339588431526945,0.9492411171744597,0.28786995507237567,0.7828422660813064,0.14851694400677806,0.8088727483170908,0.3179527654992016,0.6662142685746139,0.05868567776452973
87,P01D,0.004217828067772388,0.7417571555690663,0.9998611170297828,0.4394024553425805,0.7316181534520401,0.8768075762073303,0.1887249000319145,0.6746136379552885,0.3194080920750968,0.07868072834649212,0.15891631725387767,0.016863990133787577
88,P01E,0.040077593934125896,0.00282943480661977,0.018293603660538282,0.9087005355020065,0.9364764285975999,0.06994243775346934,0.9372375801126562,0.250201209197791,0.8663832760098485,0.04413235921066204,0.7432431575049634,0.08713962421197742
89,P01D,0.003730963138322889,0.7692199306443425,0.8936385703087503,0.33687251660415213,0.8206643104200166,0.9452455573475258,0.2615628505209602,0.9972738532432044,0.5989125164819423,0.13892702867166656,0.4852397962079871,0.016831425282183256
90,P01E,0.013812238542317397,0.0008637843678944015,0.00565230368355784,0.20035335736013463,0.7646848673178022,0.5258398732726044,0.7373217902304368,0.3015484370537626,0.7894426869855494,0.1805638967920882,0.8485171835322616,0.06228206596035706
91,P01D,0.00021136524154387229,0.32608739311188933,0.04155749542864759,0.061916581444639456,0.9116515703155361,0.718345826157379,0.3731592830392118,0.6801190119175318,0.20796195036956933,0.14314176154020397,0.4039021115228825,0.016373151820692315
92,P01E,0.17930079863475068,0.0726075613958111,0.9065985747238708,0.7569442851307279,0.7726387686037253,0.7997717184769697,0.8669367660272324,0.09010248463844917,0.5102795666391056,0.5814700766238885,0.047335516773468644,0.0714185566927109
93,P01D,0.004095971468302635,0.5056820088841296,0.9996144975428076,0.22297259240991366,0.867761664569495,0.7032963308535856,0.6041844668069555,0.7400665300777913,0.028463695182961282,0.30138395138324425,0.7257450390625292,0.016856995826812857
94,P01E,0.179470276417187,0.07199776960584667,0.9053260147528988,0.7142424789360774,0.8681362631746219,0.9022818610128377,0.8268964543464931,0.10539384175660432,0.6627091025676388,0.5824931072572168,0.6195230488428156,0.07145632445943727
95,P01D,6.282032020664478e-05,0.696325488426753,0.014699760883270513,0.21947450985709177,0.9483418192639217,0.6372913066326764,0.47787051451969914,0.37124121076857064,0.07023443207414422,0.22780781002953832,0.1616833207240794,0.016290047397955927
96,P01E,0.00868752359838346,0.0010066813623431292,0.0034215602319010536,0.4649974825841414,0.8225885056719016,0.13298213036517634,0.6955083177087286,0.14418054235823613,0.7810069374464653,0.09542273767810819,0.19341793777183758,0.057254718992480955
97,P01D,0.004016212070267668,0.6245757991005513,0.9739582556127535,0.9689778908950233,0.7776966785182391,0.9487488930642096,0.5124804200147188,0.569912298325357,0.18373774538763227,0.15320833557291738,0.5453731571707099,0.01684743832562043
98,P01E,0.009840875952649382,0.00038433956829918184,0.002552955408836273,0.504288409062678,0.749647558529865,0.8463427774961809,0.4386598479654731,0.23356228886524547,0.9038469752966227,0.26803243355356665,0.7743025185128507,0.06840326670601096
99,P01D,0.0030821526511773103,0.9356933583909417,0.7350024966413673,0.335660659166837,0.7627388130926556,0.8740074333152799,0.11092736089850141,0.10721076166449217,0.08687854554587607,0.08419863561773552,0.1975993967001453,0.01677923387281472
100,P01E,0.04452050616170734,0.003221157628845764,0.02162878352225399,0.39683674278217096,0.8030213556156109,0.14450310167944194,0.7595090106672817,0.22211953671078388,0.7348064685783754,0.023488367845319196,0.7643051686309792,0.09007419757568196
101,P01D,5.425470926567972e-05,0.49770357328907333,0.011761497808264422,0.37208415590669586,0.764994938307312,0.7808613782237813,0.25080546691437267,0.8438982014413393,0.29298080359963813,0.19087163664362347,0.8767361564616695,0.016290274622797307
102,P01E,0.008776876124304393,0.0018226384706152233,0.0034533874497542647,0.5247894121642572,0.9462925117267448,0.19618266126803513,0.8715411494829441,0.2937918399545837,0.9887593840219654,0.07355931911774004,0.7579971435304429,0.0597219232788233
103,P01D,0.003594952651218807,0.40986694407692215,0.8539648600580845,0.448749191849517,0.7484026976665963,0.6716238026875163,0.8240997241917621,0.5021085552288292,0.1028930555173899,0.03477393489652535,0.8446507987836251,0.016824395110257753
104,P01E,0.0394898244912685,0.0034407581428139646,0.018552433880743888,0.6203344625352861,0.9838313177868798,0.06474050166089937,0.6729810692114042,0.2678454458908552,0.9415579110048757,0.24528191171328428,0.7167652980691902,0.08824626494971059
105,P01D,2.3010542486290852e-05,0.9943227293750234,0.005208936337527408,0.43114832313820095,0.9504411559562664,0.39824092295986885,0.3553306238213336,0.4066751872960742,0.426216089695805,0.0636936384779011,0.7172996451266201,0.016267360392239708
106,P01E,0.022494814975466196,0.0030726990015475337,0.00834980106261268,0.6293198119036747,0.7167538050493063,0.06364386762345636,0.4856204101840875,0.21674036906651176,0.7759309800541715,0.05529637500421561,0.8050869439703991,0.08261440089063729
107,P01D,0.004645490708154927,0.5751218654183076,0.9827814518207163,0.5524269679787684,0.7249281455645091,0.9625819761945041,0.25462924741982745,0.7346593180129388,0.11449517735449496,0.19304093737140762,0.12204570820230837,0.016939022118588734
108,P01E,0.009786574148591725,0.0012778787881418253,0.003774188196475585,0.7568689381617925,0.8980010338624352,0.032136690309756744,0.7559446766758992,0.10584857856830483,0.8085922587887486,0.13580320978975402,0.76604011381124,0.05976782933072339
109,P01D,0.004958121113126649,0.45215116535731203,0.9986809669589312,0.49852238655694087,0.7973613961351205,0.8858375188789273,0.05697450755706938,0.5001798923135645,0.12446516306425864,0.18732583501377223,0.39465741436830876,0.016982477848249734
110,P01E,0.01932951609080645,0.0014000474871477455,0.00802260531980189,0.1778709077575797,0.8025700972498151,0.05409745826247947,0.8672180731419852,0.2319234059804653,0.8547053616442926,0.04833019329665074,0.9304747101921635,0.06969497435706529
111,P01D,1.4335793081617403e-05,0.23775219103887477,0.002771967426342681,0.7414535081185947,0.8903581365371961,0.7927486898679681,0.56440297977043,0.6270869923910596,0.2573154031704079,0.22461625532608376,0.9881093527434059,0.016269096329871675
112,P01E,0.008746259159587709,0.0007913627037663854,0.0034981591115560724,0.7197814932624643,0.9883470430431589,0.5845759975026483,0.7934758920977691,0.1405978969744282,0.7908494067295414,0.10731669164904518,0.7127657403105925,0.05672544855290998
113,P01D,0.00427969600959004,0.21185641209394956,0.999462246539077,0.5846756773903056,0.832855423518906,0.9241807590865794,0.7634267623004284,0.9731755531145833,0.2847701817766146,0.2933073238691519,0.4277239557232171,0.016888773947597597
114,P01E,0.09261080148757159,0.019041514282441267,0.2415698197836246,0.829681497400973,0.9556055058811088,0.8908001391858602,0.7739872572561128,0.08705362155957369,0.6245417620426049,0.5472166525632677,0.6027012221573134,0.07097938053011296
115,P01D,5.598989227056031e-05,0.22050537955064756,0.012811837732376999,0.424966297881743,0.6774120649938304,0.9065736454922085,0.1088607524369353,0.68736624531476,0.15934893495765323,0.2996409948571688,0.38986179008913,0.01628923960523689
116,P01E,0.00882864667194775,0.0007874287466929255,0.0034529865666582896,0.5367509263759266,0.9501300546190679,0.5957078972889316,0.8638570174306612,0.21862150680565523,0.8984324513770369,0.07595737191205948,0.9049638516611693,0.05670222488154842
117,P01D,0.004164248030111232,0.1791269784629977,0.997775778381547,0.009360519805023226,0.9615707935374167,0.8782146749062341,0.643147997645315,0.5579086247942152,0.14682171652420622,0.309082421939481,0.5986942585919708,0.01686372368886349
118,P01E,0.1631194424371141,0.06035704483276671,0.7535610669481243,0.9225650232171179,0.8411609878918742,0.770762556444454,0.8652578138996629,0.15635746657260446,0.5947691521426497,0.5125000863997873,0.09134943630536055,0.07132434460786725
119,P01D,5.190681694334994e-05,0.8251627881813226,0.010697637904742343,0.2756812042137485,0.9267007661315583,0.8347659641730442,0.49992247061322004,0.21796307736684256,0.2258435601030149,0.07074899539423546,0.7008975686241662,0.01629246093235172
120,P01E,0.010961031385598757,0.0010061486183708828,0.00448883888362968,0.5916796974107492,0.906599452609731,0.11443581480140153,0.8905712067099794,0.1601009027427576,0.7888801336144713,0.10872550297622373,0.9246529090671595,0.059443193240833844
121,P01D,0.0046142979089965255,0.880594529539197,0.9984868833430707,0.31538745883587793,0.9043889986517073,0.8635135535274017,0.3193805399413533,0.4785720232767692,0.26865528636935543,0.20889912240864839,0.7718315008126708,0.016933860462239835
122,P01E,0.008808434316833706,0.0007821473921416498,0.003435334050721237,0.5163355605968618,0.8439067269755262,0.417771089123233,0.7503715882020908,0.08291668111563047,0.7566377167632303,0.17300703144763124,0.8372357664887355,0.056683384807428835
123,P01D,0.004559441484479562,0.47103491596806685,0.9974569661508335,0.6286469409552228,0.761082071061435,0.6733874540972346,0.22302296616750694,0.6667061006102775,0.05118605594793217,0.1470280855150947,0.6691826105541412,0.016916681505495468
124,P01E,0.008525247396383119,0.0009774457101502437,0.003295616808637859,0.6549097550856077,0.7708986181061466,0.13097138784383638,0.7893797181834411,0.10072380498156194,0.8396970748325798,0.2601614230956509,0.8739306181395193,0.05730050426595954
125,P01D,0.004053322261216361,0.49239729338961524,0.9850086622301326,0.4705173405493335,0.7289039250627677,0.8541259314612415,0.6829302299058302,0.9100340341449504,0.28229295749160865,0.24373043594815197,0.3668511031734192,0.01684868665664241
126,P01E,0.16868905006262447,0.06411166094041429,0.8018842716686042,0.8639374847169448,0.8739832485582573,0.7495928144025289,0.9906924707964828,0.20457012011661066,0.9260982539197198,0.45281521853026513,0.07907007303355856,0.0713610826525109
127,P01D,0.0040276856683883755,0.13398082931785346,0.9769499360030918,0.38989866923824934,0.8251747564848704,0.6752587869231511,0.8420442970703124,0.5286849906032038,0.9198630879577597,0.169777252591978,0.42487048356922097,0.016847548747789133
128,P01E,0.006865964410358076,0.0014728166424405405,0.003058475621048485,0.6037058693883157,0.9436887309484783,0.11917559733546924,0.801698318488485,0.11631129096911921,0.47311172081589514,0.2211514595805411,0.2151507499027725,0.05824874738372387
129,P01D,0.004707263185298766,0.013941924872808528,0.9990545839534849,0.11762634486072326,0.8289453280949289,0.8023448591592959,0.7643397313735638,0.6604689373723598,0.1083287010045954,0.033360049785568266,0.043594910457720126,0.01694660153867549
130,P01E,0.008653736670087012,0.0010119525067869403,0.0034063419865058963,0.9506449072944295,0.7455872677233194,0.0770678513553875,0.8923432701576794,0.1358347896182605,0.82754954060185,0.1494226926146302,0.7173594978607387,0.05727246201694366
131,P01D,0.004077999675645736,0.45265229301140064,0.993562675048676,0.4781011051013922,0.8664623927086188,0.7854065845769205,0.524785664347237,0.2344843531637557,0.14602876917992563,0.2432342715734252,0.5525972139578035,0.016858914459997137
132,P01E,0.008641966643946106,0.00111310835823672,0.0034460905865638224,0.5592108148720338,0.7678311128299016,0.11242395405332056,0.9882253576141373,0.018153469467810716,0.49118883932941126,0.16418250871273243,0.757152734901301,0.05755036614621942
133,P01D,0.004750197075337408,0.45950238811753524,0.9963113448155256,0.026271078814963017,0.8344698380067852,0.6672585279260327,0.17737915452764605,0.6602114142647814,0.17424263063317463,0.2922403073416032,0.25731792453806945,0.01694778926766616
134,P01E,0.008730080527022753,0.001017818969417841,0.003453273593646071,0.9292659844371727,0.8748833603772272,0.21127902899441842,0.7987284869319953,0.009691948044284663,0.9432553983988572,0.07989940295367257,0.6805763583856567,0.05725425649121721
135,P01D,0.003946048622523622,0.4934349932451534,0.9501448608750631,0.2146674835606951,0.741875247895449,0.10519707709382753,0.954934355813751,0.7385124090831977,0.27829867142673526,0.16267265409511988,0.36797381589858913,0.016846283182421685
136,P01E,0.008595859158454105,0.0009957400079556949,0.003356642198805447,0.5825978310797005,0.9197706497122944,0.2570989598235356,0.8803677617089238,0.12099319256837478,0.7260654699554397,0.13358239794108462,0.7341155612136563,0.05730143043496219
137,P01D,0.00405074019604554,0.4696389426693398,0.9971613249460578,0.2830016015145499,0.7914610714460888,0.7003491834515656,0.17031479542154723,0.05126334666674787,0.42995589272722246,0.10351132630023469,0.26655367024980614,0.01684566550630744
138,P01E,0.010666207909807005,0.0007791435496827322,0.004262288649962552,0.7835286527414542,0.7702117304685506,0.3772810536861215,0.7651728887460794,0.054744341451319053,0.7526423533474949,0.30953865968378735,0.944223927164741,0.05836452486962447
139,P01D,0.003976192742356349,0.7743958126328951,0.9918223013971502,0.7817329356258003,0.7172850744192716,0.8901404604214995,0.047345977558854724,0.6834933592320609,0.06941355539030514,0.2445096293956891,0.8452198424066156,0.016873815991120013
140,P01E,0.008853211532817193,0.0010341471070501476,0.003551901214336606,0.6625325899533829,0.7649619366563207,0.12554211085205932,0.7966964719489291,0.22232529778799853,0.880125471253164,0.08449555001935485,0.9681533388996522,0.05736881604611747
141,P01D,0.004675762851629661,0.5121660959758894,0.990741758489864,0.23558614932729166,0.8456964631786993,0.6856794533560111,0.22000978404374152,0.9113391498961394,0.3183839106567333,0.214812724477476,0.4646049660384871,0.016940911344271375
142,P01E,0.027078482403489354,0.0011628216382649145,0.028012111222015607,0.3216575941388695,0.8165226893026639,0.294333513186289,0.7028691204493892,0.3552613431368099,0.8663635906498968,0.24385594868957944,0.7494637225927869,0.06774236020517402
143,P01D,5.3200029510566854e-05,0.0003440407911677358,0.012338366718554624,0.035456292921428684,0.6898779463372082,0.889847576505759,0.7890187553603463,0.2374621134491622,0.12370619934900295,0.12107854257548892,0.6347534231472637,0.01628441370813057
144,P01E,0.008736391819413778,0.0010207668949627046,0.003456880529203234,0.40700770977654044,0.7180357704166831,0.2085432100160346,0.8995753452644535,0.13984916647993295,0.7473563378574395,0.2938427169979937,0.8400157612389969,0.057247287520609036
145,P01D,0.003604251621238935,0.4586167992087048,0.871742899964841,0.30903876795659757,0.9909852898024474,0.8173920827261774,0.8026524372921111,0.6287585024215555,0.24328558936501454,0.05135653802425276,0.1395334383233251,0.016829724679295797
146,P01E,0.008447382091633225,0.0009712351409814472,0.0032428060943011598,0.6617855453910864,0.7818290919952979,0.22055452613846244,0.6935181135013653,0.2242567064587382,0.8390645349611499,0.13215380944190558,0.04197942252542021,0.05705406453603913
147,P01D,5.846163503654783e-05,0.29886527849223954,0.014455721961792255,0.711586327059558,0.9176558061857011,0.8988240818210329,0.29360600039442164,0.38534820141374826,0.3017095111580296,0.17281859119234175,0.9123738656038944,0.016286134466955447
148,P01E,0.01011665408709327,0.0007477784275985026,0.004127457706639892,0.48758020682972847,0.8383336587962307,0.4321668939073011,0.8145688996714909,0.027008068007498526,0.8995399791094534,0.17913118328961353,0.7738062937483832,0.05818316356204
149,P01D,2.1743617308957676e-05,0.1699640909399608,0.00511372383300668,0.885040911316881,0.8110885053846242,0.7760802229490854,0.3635285243501136,0.08547547918037825,0.12986140347741762,0.15110383494091756,0.4802816683545474,0.016264560598553152
150,P01E,0.008719124555627495,0.00101932673093946,0.0034538289058588753,0.6675264857046577,0.8838551853227536,0.17684762840333673,0.8080802766237095,0.20689342111028944,0.9088632626588942,0.0732047958693295,0.948588666349897,0.05724856165625506
151,P01D,6.255586889800534e-05,0.13651041449471452,0.014908562963996407,0.7916739414069616,0.8187534144118225,0.5774812569027372,0.870937405250499,0.34343322276750227,0.7170008681187243,0.25582150197771875,0.7028704677387724,0.01628904320021765
152,P01E,0.008626299359326833,0.0007582696794175316,0.0033821669496258877,0.6181473638027706,0.9516723430326521,0.39069140157194315,0.6981045515532645,0.08740863181922626,0.7982930379664946,0.12580765323103296,0.9523822264080061,0.05671650133244096
153,P01D,0.004193984609991958,0.3599869934255077,0.9814244812332111,0.7560140970071927,0.9739507791622393,0.9411323699890884,0.8002466994113031,0.537148225630282,0.17246864847834897,0.21117535311687402,0.4674919654611075,0.016877594467801713
154,P01E,0.008639978146371853,0.0010165323999683706,0.003399812318385778,0.9540571486290268,0.9648652162817059,0.12105316286897842,0.6771099843235951,0.15731394687550349,0.7996140185169298,0.07877115399467975,0.8639713868744225,0.05726623771121247
155,P01D,0.003978738734916292,0.5918590769927514,0.9724372846321145,0.3767819279868041,0.7778045908942595,0.8318719565841725,0.3102902216000224,0.004881973409895823,0.17664733156501464,0.06752584997113532,0.5124678351094563,0.016849476612676138
156,P01E,0.008556560716199823,0.0009885099348097375,0.0033247602088459036,0.5004830323011864,0.965623724989938,0.2485155279159671,0.9718528324128357,0.1999195322931595,0.7737687153137831,0.2215319265139511,0.9625741810160532,0.057281859265513005
157,P01D,0.004398350813666558,0.5138405056825749,0.9959515428775798,0.21731899353058293,0.7981335733482364,0.7854825259674754,0.6859358943747627,0.84574144889283,0.2241000567769733,0.1450182315304827,0.6007125466640726,0.016908743795632116
158,P01E,0.07501889475476214,0.011232402996425833,0.038877360238032954,0.767964026499469,0.8690478540624885,0.1656217701231671,0.7807718058795811,0.2529608991124716,0.766853262545532,0.30306210612285966,0.7561130619741947,0.10580595836126139
159,P01D,0.00455109454398704,0.5608192110497657,0.9907048640315362,0.3633460096584533,0.7630177869686201,0.7532671284705867,0.2946609489794072,0.7449397257693638,0.22175188709031984,0.1719145437991013,0.16172731168588964,0.016919144288618015
160,P01E,0.008427570756141034,0.0010059119048739748,0.00324928511760971,0.36311908114813696,0.7798195330405706,0.27845179932094444,0.898360800000624,0.10034892107756166,0.9761410568930302,0.10318353117769341,0.26912164486497514,0.057118214935103676
161,P01D,0.004211505995803565,0.35113873324656764,0.9876961333268974,0.23906716396108038,0.720248638521225,0.07992531941064371,0.38171955488602116,0.39408754232999965,0.3079038031639759,0.09271207272864769,0.7370233299259801,0.016878249051990698
162,P01E,0.09936927968925732,0.014219773094670003,0.061939549066248455,0.5325595016765834,0.7980704963998151,0.3259208314496901,0.8744266648755037,0.03241250155367864,0.47352101398993696,0.26192179909752356,0.6327319406863998,0.11102351413764673
163,P01D,0.0038403690871061068,0.7930936039675383,0.9421731134320565,0.5882613588701493,0.7686064184284442,0.9033947975444243,0.9190679906429182,0.6956199041688351,0.08733014037798062,0.2455730090887975,0.20154824549802447,0.0168381519243481
164,P01E,0.1149792964341659,0.030164542428697545,0.37685396684254124,0.9476863412339576,0.7782615893890796,0.8632723526725026,0.9549439204461048,0.26526886160529056,0.27488342388885384,0.5796698445169106,0.06154404734461494,0.07105433963255442
165,P01D,0.004208671021504319,0.40388937335478475,0.9850676497196753,0.3080952530923833,0.7943552189370812,0.7846716161853611,0.6706161813391825,0.6782223927679362,0.24953722976599443,0.17536451031549663,0.5085190635226853,0.01687841156581485
166,P01E,0.10840455364524726,0.026238524320601652,0.3316319555879709,0.7573931031780298,0.7466878038057787,0.6799260384689437,0.6969798522332995,0.3072826821500716,0.32768188174493784,0.37943708337110593,0.8636835544977264,0.07111050719001788
167,P01D,0.004173855516189194,0.6727793523250114,0.9983272403037373,0.2575183927439357,0.7516979211478468,0.22101730488682725,0.7344686735988009,0.33772689018557145,0.23794184264481477,0.23243096075973113,0.3293379373137785,0.01686657523984021
168,P01E,0.0952192103343723,0.02062975111033332,0.2579313233456447,0.7195140978582122,0.788142161197126,0.7001464399672079,0.7175685586791447,0.11096244579677524,0.2515499570985008,0.40768049925398486,0.18564809446291475,0.07101257611369881
169,P01D,0.003993571186034802,0.40820719657725146,0.9792778469402161,0.6561455324650658,0.8430312816130459,0.4744714236264163,0.2741540733927545,0.41067676893458577,0.6701369780537494,0.16344443271681458,0.7315813343768889,0.016836062167693
170,P01E,0.06769942530230452,0.009417589386231369,0.03402622560571703,0.9332503984637268,0.9952083035705142,0.12874430163159922,0.8166908830206061,0.28040960833762874,0.6443514078230359,0.08164926078685411,0.7978584340546369,0.10301158554730232
171,P01D,0.004081803216317071,0.9188801250853902,0.9963164159853082,0.1328877345891877,0.8313314126234113,0.7269675108122422,0.6402821600924031,0.9449479366591045,0.104098042863749,0.07512720204658337,0.759766108001733,0.01685004567591482
172,P01E,0.16850208510849676,0.03489436667240224,0.1373709999019777,0.9146960660896766,0.7427568219723246,0.063704530029992,0.922054170138217,0.1445524906004662,0.6428390416370744,0.1029973188592905,0.5276715732326325,0.12576195081660096
173,P01D,0.0048896511483428225,0.4086382788341225,0.9996571151701155,0.2099392843979238,0.9277929660916631,0.8312503452395303,0.1570906346347403,0.8426223905270274,0.8801950397895926,0.17994452929917787,0.13945706692264448,0.016968443241581865
174,P01E,0.11996056215077512,0.03212350570915924,0.40594818708932157,0.7574265982694751,0.7984388843763323,0.8495464023864744,0.8838515417162072,0.18008991823876871,0.5068975034361923,0.3787950590057758,0.7157809359093166,0.07114248191997481
175,P01D,5.46086098181186e-05,0.5367131920818127,0.012033002835522104,0.16446108076593496,0.7671060430520558,0.917183245066407,0.27811904480271,0.8956045746391251,0.25535762881820384,0.2767068502950004,0.5877628353472834,0.016290492168464326
176,P01E,0.008575708414480944,0.001001551867663672,0.0033473218751448428,0.891217019344491,0.8246880301203159,0.2616155195608058,0.7552878263520751,0.2218534117307973,0.9148250987083357,0.037695891359678185,0.9617930205328902,0.0572805586732969
177,P01D,0.0027926247970475413,0.34733556804570964,0.5523541094764772,0.09553848542308746,0.8471466561197003,0.8256648120868905,0.14928611067116976,0.8629613831489111,0.12152997706024386,0.18705349833506663,0.3101127915203158,0.01679882505508979
178,P01E,0.008623902111105211,0.0007587333167525706,0.003381966666869125,0.7223118665326497,0.8935621543746441,0.5391394053842193,0.7430632099739634,0.3040143911878895,0.8423230094193292,0.1588382883975618,0.8638843263037517,0.05669172395143523
179,P01D,2.179965025931321e-05,0.42341507923348337,0.005140694856571976,0.6031323081317144,0.7860194658429227,0.8610953560849148,0.2613496778371741,0.48318951718903536,0.4742890422595213,0.07444552379221145,0.4926761849688229,0.01626791544632426
180,P01E,0.009012066846932724,0.0009710967304459169,0.0036003477285931817,0.4520015670899515,0.9371483255942441,0.25558000375327194,0.6799908008685513,0.21254148820920343,0.9165460516153724,0.13836546284667683,0.923732146722182,0.057473818811734294
181,P01D,0.0042413919016854665,0.4690833798449796,0.9929135158914499,0.7864033471141212,0.9045059088471635,0.8193562890166792,0.9187526938816004,0.5105436255530164,0.2516695374308388,0.16613398113725458,0.736216435298733,0.01688201967762707
182,P01E,0.008892449315774667,0.0007877604047431535,0.0034953604080750693,0.5559739985420554,0.7463217440259016,0.4724773920075873,0.7576559620879384,0.18226144013288562,0.7656915074463784,0.2231428795580342,0.9606169576827404,0.05669537171622381
183,P01D,6.289098773490013e-05,0.5186426135064909,0.014724762607406388,0.9661406813619065,0.8104896948104443,0.8903494007923266,0.5310557656181454,0.5242271045964841,0.3176027234084202,0.0814497298564413,0.29259387916197044,0.016289810845151492
184,P01E,0.13110441999813754,0.03893512320585238,0.48621048402473743,0.687754552259626,0.8261539454255933,0.921028887930722,0.9729048389990049,0.2078412270091207,0.2979430251266465,0.48437250390385056,0.293485484969132,0.07117161280027243
185,P01D,0.004082184583197659,0.29296031943159545,0.9949668421610942,0.4084484121660471,0.9338944892594458,0.8252106003976425,0.5478862924845077,0.6233978801386485,0.44394527919810506,0.05326216429236248,0.7546193154207134,0.016850248828778145
186,P01E,0.008634211010603157,0.0009998004844035875,0.0033842405275733836,0.6429331191014556,0.8392153468817077,0.25938351954877625,0.6755707241672146,0.17254148732256389,0.7471729329552472,0.17277781813836615,0.7014470133097085,0.057280290225954364
187,P01D,0.004306799472319794,0.9263739681242673,0.9926721737682725,0.5133637858115081,0.7657076689537174,0.9287837563463054,0.88304488413827,0.8769853832711378,0.2841991573643895,0.0843711598824271,0.013365962779415722,0.016893823274485464
188,P01E,0.00855323728434695,0.0009856880106449608,0.003320495056326038,0.42233334450104687,0.8600781418846074,0.11537807643320419,0.8941939802251847,0.21221582392467164,0.897458244859189,0.18252474004322944,0.6792644855682148,0.05728267933065964
189,P01D,0.0041502590271126835,0.5618416896386347,0.9930756528513218,0.11181777281313762,0.8687387360270623,0.7009705417122805,0.766540903275602,0.7800919469216007,0.2662879968266459,0.13663646837727278,0.5977371529490403,0.016864819973368698
190,P01E,0.09026741487094615,0.0178495075302499,0.22760809628472886,0.7011187801650691,0.9227800332039114,0.7819282362096494,0.9577033583662659,0.24354915586590464,0.6445530481103976,0.5179956035843432,0.8449014064656531,0.07111878415121071
191,P01D,0.0054032782146265414,0.29523787753270603,0.9999143538248085,0.059135242705607736,0.6802090533573073,0.7306404994597202,0.2069967092477974,0.7303080835001503,0.009679970079905856,0.1910537096620426,0.32033622859558364,0.01704727343326457
192,P01E,0.00874430088055865,0.0010316848048192502,0.003479257755408728,0.6191026050421398,0.9724839418284171,0.1572758615553762,0.8487676166110172,0.30392014918786925,0.9520507241540511,0.13230852706590077,0.45537683598990225,0.05726036589386229
193,P01D,0.003968599426237676,0.11823546588756306,0.9586114998707318,0.21379806564947257,0.867205838534528,0.8356809990629327,0.5087922440323231,0.7655713399796636,0.5865799761772544,0.06611873514582017,0.7468641804161492,0.016844712456762022
194,P01E,0.008722163130592325,0.0010131368656306349,0.003447921072536278,0.5377012178613546,0.9435259241565312,0.03767045165690984,0.9346150769634176,0.26586324826516883,0.833212972045015,0.10630681228905958,0.9348005197404234,0.057283772047328305
195,P01D,6.481372916653992e-05,0.06599681853290505,0.015059685247389374,0.9021599751284461,0.7804508884283003,0.12663266969083423,0.3179269950433561,0.825751675799404,0.2881658571446526,0.10564136055353207,0.31965402180669,0.01629172713414295
196,P01E,0.008323444114531819,0.0009371272212785927,0.0031404220837416854,0.72605093041713,0.8622528014075729,0.2564685118801821,0.8573940159355804,0.2950547427868798,0.867997929415945,0.2899886013925642,0.041171046448140944,0.057072308960722115
197,P01D,6.358287548989532e-05,0.24881604113658226,0.01551466957028959,0.5324590372573799,0.81809053833717,0.44043555512292487,0.311985463515964,0.569303373592265,0.12723366166898095,0.2840457864160867,0.6406113002491288,0.01628865102990363
198,P01E,0.008673215261314352,0.0007732604140767974,0.003413416558128067,0.7831270467690226,0.8335442053906225,0.5054784685434701,0.9883280602275306,0.11931002540615553,0.7054924892820909,0.14579827036677392,0.7064878331672741,0.05672905132503506
199,P01D,0.004069547998927002,0.6192196102632697,0.990494207394935,0.6651759519095392,0.6735343188699356,0.8428900385120852,0.35326212104458743,0.9186619605242734,0.18247019822940777,0.06859574456583684,0.5116250356600338,0.016849703750714796
200,P01E,0.16576372511926363,0.061669471826279645,0.7736794772995677,0.9344297497320925,0.708704471940063,0.926327293715637,0.7971250144842038,0.23804410544216142,0.1505647383244335,0.4984677365261849,0.5742439701938429,0.07141921624460687
